CYT,NUC,MIT,ME3,ME2,ME1,EXC,VAC,POX
ADT1_YEAST,0.58,0.61,0.47,0.13,0.50,0.00,0.48,0.22
ADT2_YEAST,0.43,0.67,0.48,0.27,0.50,0.00,0.53,0.22
ADT3_YEAST,0.64,0.62,0.49,0.15,0.50,0.00,0.53,0.22
AAR2_YEAST,0.58,0.44,0.57,0.13,0.50,0.00,0.54,0.22
AATM_YEAST,0.42,0.44,0.48,0.54,0.50,0.00,0.48,0.22
AATC_YEAST,0.51,0.40,0.56,0.17,0.50,0.50,0.49,0.22
ABC1_YEAST,0.50,0.54,0.48,0.65,0.50,0.00,0.53,0.22
BAF1_YEAST,0.48,0.45,0.59,0.20,0.50,0.00,0.58,0.34
ABF2_YEAST,0.55,0.50,0.66,0.36,0.50,0.00,0.49,0.22
ABP1_YEAST,0.40,0.39,0.60,0.15,0.50,0.00,0.58,0.30
ACE1_YEAST,0.43,0.39,0.54,0.21,0.50,0.00,0.53,0.27
ACE2_YEAST,0.42,0.37,0.59,0.20,0.50,0.00,0.52,0.29
ACH1_YEAST,0.40,0.42,0.57,0.35,0.50,0.00,0.53,0.25
ACON_YEAST,0.60,0.40,0.52,0.46,0.50,0.00,0.53,0.22
ACR1_YEAST,0.66,0.55,0.45,0.19,0.50,0.00,0.46,0.22
ACT_YEAST,0.46,0.44,0.52,0.11,0.50,0.00,0.50,0.22
ACT2_YEAST,0.47,0.39,0.50,0.11,0.50,0.00,0.49,0.40
ACT3_YEAST,0.58,0.47,0.54,0.11,0.50,0.00,0.51,0.26
ACT5_YEAST,0.50,0.34,0.55,0.21,0.50,0.00,0.49,0.22
ADA2_YEAST,0.61,0.60,0.55,0.21,0.50,0.00,0.50,0.25
C1TC_YEAST,0.45,0.40,0.50,0.16,0.50,0.00,0.50,0.22
PUR4_YEAST,0.43,0.44,0.48,0.22,0.50,0.00,0.51,0.22
PUR3_YEAST,0.73,0.63,0.42,0.30,0.50,0.00,0.49,0.22
ADH1_YEAST,0.43,0.53,0.52,0.13,0.50,0.00,0.55,0.22
ADH2_YEAST,0.46,0.53,0.52,0.15,0.50,0.00,0.58,0.22
ADH3_YEAST,0.51,0.51,0.52,0.51,0.50,0.00,0.54,0.22
ADH4_YEAST,0.59,0.45,0.53,0.19,0.50,0.00,0.59,0.27
KAD1_YEAST,0.57,0.47,0.60,0.18,0.50,0.00,0.51,0.22
KAD2_YEAST,0.63,0.67,0.57,0.24,0.50,0.00,0.49,0.22
ADP1_YEAST,0.80,0.88,0.36,0.39,0.50,0.00,0.56,0.33
ADR1_YEAST,0.53,0.54,0.43,0.10,0.50,0.00,0.57,0.32
AFG3_YEAST,0.51,0.51,0.43,0.87,0.50,0.00,0.52,0.22
AFR1_YEAST,0.38,0.61,0.61,0.12,0.50,0.00,0.53,0.47
RCS1_YEAST,0.33,0.55,0.51,0.43,0.50,0.00,0.51,0.22
AGA1_YEAST,0.78,0.74,0.42,0.26,0.50,0.00,0.43,0.22
AGA2_YEAST,0.74,0.67,0.47,0.34,0.50,0.00,0.42,0.22
YMX1_YEAST,0.72,0.61,0.45,0.30,0.50,0.00,0.54,0.25
SYAC_YEAST,0.40,0.45,0.57,0.18,0.50,0.00,0.56,0.26
DHA1_YEAST,0.59,0.53,0.43,0.44,0.50,0.00,0.50,0.22
DHA2_YEAST,0.57,0.53,0.53,0.34,0.50,0.00,0.53,0.22
ALG1_YEAST,0.86,0.68,0.39,0.24,0.50,0.00,0.54,0.22
ALG5_YEAST,0.86,0.74,0.51,0.40,0.50,0.00,0.55,0.22
GPT_YEAST,0.79,0.57,0.41,0.28,0.50,0.00,0.59,0.22
ALG8_YEAST,0.41,0.54,0.39,0.20,0.50,0.00,0.51,0.22
MAN1_YEAST,0.37,0.36,0.56,0.18,0.50,0.00,0.48,0.26
ANC1_YEAST,0.53,0.31,0.58,0.39,0.50,0.00,0.47,0.37
ANP1_YEAST,0.74,0.75,0.58,0.47,0.50,0.00,0.40,0.35
APE2_YEAST,0.49,0.39,0.52,0.29,0.50,0.00,0.48,0.22
APE3_YEAST,0.74,0.57,0.51,0.28,0.50,0.00,0.58,0.22
ALP1_YEAST,0.42,0.24,0.34,0.16,0.50,0.00,0.50,0.22
ADB2_YEAST,0.48,0.39,0.51,0.21,0.50,0.00,0.52,0.28
YHB9_YEAST,0.41,0.53,0.45,0.14,0.50,0.00,0.52,0.66
APN1_YEAST,0.45,0.46,0.55,0.43,0.50,0.00,0.55,0.38
ARD1_YEAST,0.56,0.48,0.58,0.27,0.50,0.00,0.51,0.22
ARF1_YEAST,0.64,0.59,0.56,0.23,0.50,0.00,0.46,0.22
ARF2_YEAST,0.64,0.56,0.56,0.22,0.50,0.00,0.45,0.22
ASSY_YEAST,0.66,0.62,0.49,0.10,0.50,0.00,0.49,0.22
OTC_YEAST,0.53,0.44,0.51,0.33,0.50,0.00,0.55,0.22
ARLY_YEAST,0.38,0.49,0.53,0.19,0.50,0.00,0.50,0.22
AR56_YEAST,0.45,0.58,0.48,0.67,0.50,0.00,0.52,0.22
ARGD_YEAST,0.43,0.35,0.52,0.52,0.50,0.00,0.54,0.22
ARG1_YEAST,0.37,0.32,0.47,0.18,0.50,0.00,0.45,0.25
ARG2_YEAST,0.48,0.43,0.51,0.32,0.50,0.00,0.52,0.43
ARG3_YEAST,0.41,0.46,0.59,0.19,0.50,0.00,0.58,0.27
ARO1_YEAST,0.54,0.48,0.44,0.08,0.50,0.00,0.52,0.27
AROC_YEAST,0.60,0.47,0.45,0.22,0.50,0.00,0.51,0.29
AROF_YEAST,0.34,0.46,0.57,0.09,0.50,0.00,0.55,0.22
AROG_YEAST,0.48,0.54,0.55,0.12,0.50,0.00,0.51,0.22
CHMU_YEAST,0.47,0.39,0.59,0.15,0.50,0.00,0.57,0.22
ASG2_YEAST,0.81,0.85,0.47,0.37,0.50,0.00,0.56,0.22
AST1_YEAST,0.48,0.42,0.52,0.24,0.50,0.00,0.56,0.22
ATE1_YEAST,0.58,0.51,0.49,0.27,0.50,0.00,0.57,0.29
ATM1_YEAST,0.60,0.50,0.44,0.61,0.50,0.00,0.47,0.22
ATPA_YEAST,0.45,0.55,0.54,0.66,0.50,0.00,0.47,0.22
ATPY_YEAST,0.46,0.49,0.58,0.23,0.50,0.00,0.44,0.22
ATPS_YEAST,0.49,0.42,0.56,0.55,0.50,0.00,0.42,0.25
ATPT_YEAST,0.63,0.53,0.54,0.40,0.50,0.00,0.50,0.22
ATPU_YEAST,0.50,0.54,0.53,0.54,0.50,0.00,0.51,0.27
ATPE_YEAST,0.63,0.57,0.59,0.40,0.50,0.00,0.38,0.22
ATPB_YEAST,0.43,0.57,0.51,0.49,0.50,0.00,0.48,0.22
ATPG_YEAST,0.48,0.45,0.55,0.50,0.50,0.00,0.53,0.22
ATPD_YEAST,0.50,0.58,0.46,0.46,0.50,0.00,0.46,0.22
ATPO_YEAST,0.51,0.54,0.60,0.57,0.50,0.00,0.58,0.22
ATP7_YEAST,0.54,0.52,0.63,0.37,0.50,0.00,0.46,0.22
ATP8_YEAST,0.67,0.62,0.40,0.43,0.50,0.83,0.50,0.22
ATR1_YEAST,0.28,0.58,0.21,0.13,0.50,0.00,0.51,0.22
YBR8_YEAST,0.39,0.44,0.35,0.16,0.50,0.00,0.55,0.22
BAR1_YEAST,0.80,0.63,0.45,0.29,0.50,0.00,0.51,0.22
BAS1_YEAST,0.50,0.52,0.59,0.30,0.50,0.00,0.51,0.35
BCK1_YEAST,0.42,0.47,0.52,0.41,0.50,0.00,0.53,0.32
BCK2_YEAST,0.36,0.46,0.62,0.46,0.50,0.00,0.51,0.33
BCS1_YEAST,0.46,0.38,0.47,0.22,0.50,0.00,0.52,0.27
KAPR_YEAST,0.40,0.45,0.56,0.20,0.50,0.00,0.45,0.22
BDF1_YEAST,0.33,0.43,0.64,0.16,0.50,0.00,0.52,0.52
BEM1_YEAST,0.49,0.61,0.49,0.25,0.50,0.00,0.50,0.28
BET1_YEAST,0.38,0.50,0.37,0.26,0.50,0.00,0.43,0.22
BGL2_YEAST,0.69,0.70,0.52,0.36,0.50,0.00,0.46,0.22
CYBM_YEAST,0.61,0.72,0.39,0.33,0.50,0.00,0.58,0.22
YMC4_YEAST,0.78,0.75,0.40,0.28,0.50,0.00,0.53,0.22
BIK1_YEAST,0.64,0.57,0.57,0.27,0.50,0.00,0.37,0.22
BOS1_YEAST,0.36,0.58,0.35,0.24,0.50,0.00,0.44,0.22
BSD2_YEAST,0.36,0.43,0.39,0.12,0.50,0.00,0.49,0.22
BUD5_YEAST,0.47,0.52,0.50,0.40,0.50,0.00,0.41,0.22
CAD1_YEAST,0.48,0.23,0.57,0.27,0.50,0.00,0.48,0.47
CAP2_YEAST,0.47,0.39,0.55,0.24,0.50,0.00,0.47,0.22
CAN1_YEAST,0.44,0.59,0.36,0.16,0.50,0.00,0.52,0.22
CAPA_YEAST,0.42,0.35,0.54,0.18,0.50,0.00,0.56,0.22
CAPB_YEAST,0.30,0.56,0.55,0.18,0.50,0.00,0.50,0.22
ARGI_YEAST,0.65,0.65,0.52,0.16,0.50,0.00,0.60,0.22
OAT_YEAST,0.27,0.60,0.48,0.23,0.50,0.00,0.55,0.22
CACP_YEAST,0.45,0.41,0.50,0.46,0.50,0.50,0.50,0.27
CAT8_YEAST,0.44,0.52,0.41,0.23,0.50,0.00,0.51,0.22
CBF1_YEAST,0.30,0.32,0.57,0.19,0.50,0.00,0.48,0.55
CB32_YEAST,0.40,0.44,0.49,0.47,0.50,0.00,0.49,0.27
CBF5_YEAST,0.45,0.51,0.50,0.16,0.50,0.00,0.52,1.00
CBP1_YEAST,0.45,0.45,0.50,0.60,0.50,0.00,0.49,0.22
CBP2_YEAST,0.59,0.67,0.56,0.41,0.50,0.00,0.47,0.22
CBP3_YEAST,0.47,0.47,0.57,0.48,0.50,0.00,0.48,0.22
CBP4_YEAST,0.35,0.52,0.48,0.22,0.50,0.00,0.26,0.22
CBP6_YEAST,0.47,0.41,0.66,0.26,0.50,0.00,0.53,0.22
NC5R_YEAST,0.64,0.62,0.29,0.28,0.50,0.00,0.51,0.22
CBS1_YEAST,0.55,0.53,0.55,0.46,0.50,0.00,0.52,0.22
CBS2_YEAST,0.67,0.62,0.54,0.43,0.50,0.00,0.53,0.22
TNT_YEAST,0.59,0.60,0.49,0.43,0.50,0.00,0.53,0.31
ATU1_YEAST,0.54,0.55,0.34,0.31,0.50,0.00,0.54,0.22
CCE1_YEAST,0.58,0.62,0.54,0.17,0.50,0.00,0.48,0.22
CCL1_YEAST,0.40,0.38,0.53,0.16,0.50,0.00,0.52,0.27
CCPR_YEAST,0.46,0.71,0.48,0.53,0.50,0.00,0.53,0.22
CCR4_YEAST,0.53,0.51,0.55,0.05,0.50,0.00,0.45,0.25
CTPT_YEAST,0.41,0.40,0.59,0.47,0.50,0.00,0.48,0.43
CC10_YEAST,0.50,0.64,0.57,0.15,0.50,0.00,0.47,0.22
CC11_YEAST,0.40,0.62,0.52,0.31,0.50,0.00,0.49,0.31
CC12_YEAST,0.60,0.50,0.57,0.25,0.50,0.00,0.41,0.26
CC16_YEAST,0.62,0.51,0.52,0.42,0.50,0.00,0.54,0.27
CC23_YEAST,0.35,0.58,0.54,0.16,0.50,0.00,0.51,0.22
CC24_YEAST,0.34,0.54,0.50,0.21,0.50,0.00,0.54,0.31
CC25_YEAST,0.39,0.58,0.50,0.26,0.50,0.00,0.54,0.59
CC27_YEAST,0.48,0.54,0.50,0.17,0.50,0.00,0.53,0.22
CDC3_YEAST,0.29,0.32,0.58,0.15,0.50,0.00,0.50,0.30
CC31_YEAST,0.47,0.32,0.64,0.30,0.50,0.00,0.63,0.22
IF4E_YEAST,0.39,0.47,0.56,0.16,0.50,0.00,0.47,0.22
UBC3_YEAST,0.58,0.48,0.51,0.47,0.50,0.00,0.55,0.22
NOT2_YEAST,0.64,0.60,0.57,0.19,0.50,0.00,0.43,0.22
NOT1_YEAST,0.37,0.46,0.40,0.27,0.50,0.00,0.45,0.22
CC4_YEAST,0.43,0.57,0.53,0.16,0.50,0.00,0.54,0.22
CC40_YEAST,0.28,0.37,0.61,0.09,0.50,0.00,0.52,0.55
CC42_YEAST,0.59,0.48,0.50,0.14,0.50,0.00,0.45,0.25
CAL1_YEAST,0.39,0.55,0.48,0.31,0.50,0.00,0.54,0.29
RFC1_YEAST,0.26,0.36,0.47,0.34,0.50,0.00,0.53,0.72
CC46_YEAST,0.51,0.34,0.50,0.19,0.50,0.00,0.50,0.22
YB52_YEAST,0.58,0.50,0.50,0.12,0.50,0.00,0.48,0.25
CC48_YEAST,0.44,0.39,0.53,0.14,0.50,0.00,0.54,0.44
CC6_YEAST,0.41,0.39,0.44,0.34,0.50,0.00,0.48,0.40
SYLC_YEAST,0.45,0.43,0.51,0.24,0.50,0.00,0.54,0.33
CC68_YEAST,0.36,0.68,0.46,0.16,0.50,0.00,0.53,0.28
CC7_YEAST,0.42,0.31,0.50,0.15,0.50,0.00,0.53,0.22
KTHY_YEAST,0.42,0.43,0.56,0.10,0.50,0.00,0.49,0.22
DNLI_YEAST,0.67,0.71,0.52,0.65,0.50,0.00,0.53,0.36
MCE1_YEAST,0.49,0.47,0.53,0.16,0.50,0.00,0.48,0.27
CEM1_YEAST,0.71,0.59,0.48,0.43,0.50,0.00,0.59,0.22
RLUB_YEAST,0.40,0.42,0.71,0.21,0.50,0.00,0.54,0.32
RLUB_YEAST,0.40,0.42,0.71,0.21,0.50,0.00,0.54,0.32
CLH_YEAST,0.54,0.49,0.49,0.20,0.50,0.00,0.52,0.22
CHL1_YEAST,0.42,0.51,0.50,0.12,0.50,0.00,0.52,0.46
CHL4_YEAST,0.57,0.51,0.53,0.18,0.50,0.00,0.56,0.25
PSS_YEAST,0.35,0.45,0.43,0.11,0.50,0.00,0.56,0.22
PEM1_YEAST,0.42,0.42,0.42,0.20,0.50,0.00,0.49,0.22
CHS1_YEAST,0.26,0.50,0.33,0.28,0.50,0.00,0.51,0.22
CHS2_YEAST,0.39,0.42,0.38,0.40,0.50,0.00,0.49,0.47
CHS3_YEAST,0.26,0.44,0.30,0.11,0.50,0.00,0.51,0.47
CIK1_YEAST,0.31,0.44,0.53,0.23,0.50,0.00,0.51,0.32
CIN1_YEAST,0.48,0.61,0.44,0.20,0.50,0.00,0.47,0.22
CIN4_YEAST,0.66,0.45,0.50,0.23,0.50,0.00,0.49,0.22
CIN8_YEAST,0.21,0.41,0.55,0.11,0.50,0.00,0.50,0.27
CISY_YEAST,0.38,0.68,0.44,0.45,0.50,0.00,0.53,0.22
CISZ_YEAST,0.44,0.38,0.48,0.32,0.50,0.83,0.53,0.22
KC21_YEAST,0.31,0.31,0.56,0.33,0.50,0.00,0.52,0.33
KC22_YEAST,0.49,0.31,0.49,0.35,0.50,0.00,0.51,0.29
KC2C_YEAST,0.38,0.37,0.56,0.21,0.50,0.00,0.49,0.22
KICH_YEAST,0.39,0.40,0.53,0.67,0.50,0.00,0.47,0.22
CLC1_YEAST,0.24,0.34,0.69,0.18,0.50,0.00,0.52,0.22
CG11_YEAST,0.49,0.43,0.51,0.13,0.50,0.00,0.47,0.22
CG12_YEAST,0.54,0.38,0.52,0.18,0.50,0.00,0.48,0.22
CG13_YEAST,0.43,0.57,0.53,0.53,0.50,0.00,0.53,0.25
CALM_YEAST,0.48,0.64,0.61,0.23,0.50,0.00,0.60,0.22
KCC1_YEAST,0.31,0.55,0.52,0.17,0.50,0.00,0.52,0.22
KCC2_YEAST,0.32,0.57,0.50,0.15,0.50,0.00,0.53,0.22
P2B1_YEAST,0.32,0.42,0.52,0.24,0.50,0.00,0.60,0.22
P2B2_YEAST,0.59,0.50,0.52,0.28,0.50,0.00,0.55,0.25
CALB_YEAST,0.37,0.42,0.51,0.11,0.50,0.00,0.57,0.22
CALX_YEAST,0.75,0.70,0.38,0.27,0.50,0.00,0.49,0.22
CYB_YEAST,0.61,0.72,0.31,0.33,0.50,0.00,0.56,0.22
COFI_YEAST,0.44,0.42,0.60,0.21,0.50,0.00,0.57,0.22
COQ1_YEAST,0.52,0.51,0.51,0.54,0.50,0.00,0.55,0.27
COQ2_YEAST,0.63,0.56,0.45,0.58,0.50,0.00,0.51,0.22
COQ3_YEAST,0.52,0.56,0.54,0.53,0.50,0.00,0.45,0.22
UCR1_YEAST,0.58,0.58,0.58,0.49,0.50,0.00,0.49,0.26
COT1_YEAST,0.72,0.62,0.34,0.29,0.50,0.00,0.56,0.28
COX1_YEAST,0.72,0.61,0.37,0.30,0.50,0.00,0.57,0.22
COXX_YEAST,0.46,0.43,0.38,0.33,0.50,0.00,0.48,0.28
COXZ_YEAST,0.57,0.57,0.44,0.37,0.50,0.00,0.52,0.25
COXG_YEAST,0.42,0.31,0.62,0.12,0.50,0.00,0.40,0.22
COXE_YEAST,0.49,0.46,0.45,0.45,0.50,0.00,0.52,0.22
YEX1_YEAST,0.42,0.58,0.41,0.65,0.50,0.00,0.46,0.26
COX2_YEAST,0.59,0.61,0.34,0.22,0.50,0.00,0.51,0.22
COX3_YEAST,0.52,0.77,0.38,0.34,0.50,0.00,0.51,0.22
COX4_YEAST,0.50,0.52,0.60,0.51,0.50,0.00,0.48,0.22
COXA_YEAST,0.49,0.60,0.43,0.56,0.50,0.00,0.36,0.22
COXB_YEAST,0.50,0.41,0.44,0.50,0.50,0.00,0.42,0.22
COX6_YEAST,0.50,0.40,0.56,0.70,0.50,0.00,0.50,0.22
COX7_YEAST,0.37,0.58,0.44,0.51,0.50,0.00,0.44,0.22
COX8_YEAST,0.55,0.45,0.45,0.54,0.50,0.00,0.50,0.22
COX9_YEAST,0.67,0.68,0.46,0.29,0.50,0.00,0.46,0.22
CARA_YEAST,0.53,0.51,0.46,0.28,0.50,0.00,0.48,0.22
CARB_YEAST,0.35,0.66,0.49,0.21,0.50,0.00,0.54,0.25
CYPH_YEAST,0.52,0.40,0.60,0.12,0.50,0.00,0.55,0.22
CYPB_YEAST,0.77,0.79,0.58,0.23,0.50,0.00,0.48,0.22
CYPC_YEAST,0.47,0.46,0.59,0.49,0.50,0.00,0.56,0.22
CYPR_YEAST,0.73,0.83,0.43,0.30,0.50,0.00,0.55,0.22
CYPD_YEAST,0.78,0.74,0.58,0.25,1.00,0.00,0.53,0.22
CBPS_YEAST,0.70,0.65,0.54,0.28,0.50,0.00,0.60,0.40
CPT1_YEAST,0.47,0.54,0.37,0.14,0.50,0.00,0.50,0.22
CRM1_YEAST,0.56,0.52,0.48,0.17,0.50,0.00,0.46,0.22
R141_YEAST,0.57,0.41,0.59,0.24,0.50,0.00,0.40,0.22
R142_YEAST,0.56,0.41,0.58,0.21,0.50,0.00,0.42,0.22
CSE1_YEAST,0.58,0.56,0.45,0.12,0.50,0.00,0.51,0.22
CSE2_YEAST,0.53,0.38,0.66,0.25,0.50,0.00,0.43,0.22
YKE9_YEAST,0.34,0.36,0.54,0.11,0.50,0.00,0.36,0.21
CSG2_YEAST,0.69,0.61,0.38,0.27,0.50,0.00,0.52,0.22
CATA_YEAST,0.37,0.53,0.60,0.19,0.50,0.50,0.42,0.22
CB33_YEAST,0.41,0.45,0.53,0.17,0.50,0.00,0.51,0.25
CTK1_YEAST,0.31,0.46,0.54,0.52,0.50,0.00,0.50,0.34
CTR1_YEAST,0.36,0.37,0.33,0.14,0.50,0.00,0.57,0.31
CHI1_YEAST,0.82,0.78,0.49,0.23,0.50,0.00,0.46,0.22
CHI2_YEAST,0.82,0.75,0.54,0.23,0.50,0.00,0.46,0.22
CATT_YEAST,0.41,0.51,0.58,0.15,0.50,0.00,0.45,0.27
MTC_YEAST,0.38,0.51,0.75,0.17,0.50,0.00,0.55,0.22
MTC_YEAST,0.38,0.51,0.75,0.17,0.50,0.00,0.55,0.22
CYB2_YEAST,0.53,0.44,0.51,0.33,0.50,0.00,0.52,0.22
CYC1_YEAST,0.46,0.54,0.71,0.15,0.50,0.00,0.59,0.22
CYC2_YEAST,0.40,0.56,0.48,0.14,0.50,0.00,0.47,0.22
CCHL_YEAST,0.53,0.53,0.60,0.13,0.50,0.00,0.49,0.22
CYC7_YEAST,0.42,0.57,0.72,0.22,0.50,0.00,0.57,0.22
RL2A_YEAST,0.45,0.27,0.57,0.36,0.50,0.00,0.52,0.18
CYAA_YEAST,0.20,0.26,0.52,0.14,0.50,0.00,0.53,0.44
CYS3_YEAST,0.51,0.53,0.55,0.14,0.50,0.00,0.51,0.22
CY1_YEAST,0.44,0.68,0.45,0.51,0.50,0.00,0.52,0.41
CYT2_YEAST,0.27,0.39,0.66,0.11,0.50,0.00,0.44,0.22
DAL4_YEAST,0.55,0.42,0.34,0.30,0.50,0.00,0.52,0.22
DAL5_YEAST,0.34,0.42,0.30,0.23,0.50,0.00,0.53,0.22
MASZ_YEAST,0.44,0.53,0.52,0.23,0.50,0.83,0.51,0.22
DA80_YEAST,0.59,0.58,0.56,0.21,0.50,0.00,0.54,0.33
DA81_YEAST,0.39,0.28,0.46,0.12,0.50,0.00,0.41,0.22
DA82_YEAST,0.56,0.43,0.54,0.16,0.50,0.00,0.50,0.22
DAP2_YEAST,0.36,0.68,0.38,0.08,0.50,0.00,0.53,0.25
DATI_YEAST,0.27,0.36,0.60,0.33,0.50,0.00,0.37,0.31
DBF4_YEAST,0.35,0.40,0.59,0.22,0.50,0.00,0.47,0.37
DBP1_YEAST,0.42,0.32,0.50,0.21,0.50,0.00,0.51,0.22
DBP2_YEAST,0.23,0.20,0.53,0.20,0.50,0.00,0.44,0.22
DBR1_YEAST,0.55,0.54,0.56,0.22,0.50,0.00,0.50,0.37
DED1_YEAST,0.36,0.24,0.49,0.16,0.50,0.00,0.51,0.22
DEP1_YEAST,0.38,0.48,0.59,0.22,0.50,0.00,0.46,0.22
DYR_YEAST,0.80,0.46,0.50,0.15,0.50,0.00,0.53,0.22
DYHC_YEAST,0.60,0.56,0.47,0.20,0.50,0.00,0.50,0.38
DHH1_YEAST,0.41,0.24,0.54,0.26,0.50,0.00,0.41,0.22
DLD1_YEAST,0.47,0.65,0.54,0.62,0.50,0.00,0.53,0.36
DMC1_YEAST,0.43,0.39,0.54,0.14,0.50,0.00,0.47,0.22
DPB2_YEAST,0.50,0.51,0.52,0.09,0.50,0.00,0.48,0.25
DPB3_YEAST,0.53,0.61,0.52,0.21,0.50,0.00,0.55,0.30
DPM1_YEAST,0.54,0.42,0.41,0.16,0.50,0.00,0.52,0.22
SYDC_YEAST,0.46,0.35,0.53,0.16,0.50,0.00,0.51,0.29
DRS1_YEAST,0.46,0.43,0.49,0.79,0.50,0.00,0.49,0.63
ATC4_YEAST,0.51,0.55,0.35,0.16,0.50,0.00,0.51,0.47
DSS4_YEAST,0.56,0.52,0.55,0.19,0.50,0.00,0.54,0.22
TFS2_YEAST,0.61,0.30,0.59,0.12,0.50,0.00,0.49,0.27
DUN1_YEAST,0.37,0.53,0.46,0.23,0.50,0.00,0.47,0.22
DUR3_YEAST,0.83,0.58,0.33,0.04,0.50,0.00,0.53,0.22
EF1B_YEAST,0.39,0.45,0.53,0.18,0.50,0.00,0.54,0.22
EF2_YEAST,0.52,0.54,0.50,0.21,0.50,0.00,0.48,0.30
EGD1_YEAST,0.35,0.39,0.57,0.11,0.50,0.00,0.48,0.22
ATN2_YEAST,0.36,0.49,0.30,0.22,0.50,0.00,0.52,0.31
END2_YEAST,0.78,0.70,0.32,0.23,0.50,0.00,0.53,0.22
END3_YEAST,0.55,0.46,0.53,0.11,0.50,0.00,0.52,0.48
ENO1_YEAST,0.45,0.56,0.54,0.32,0.50,0.00,0.57,0.22
ENO2_YEAST,0.45,0.56,0.53,0.32,0.50,0.00,0.57,0.22
EPT1_YEAST,0.29,0.43,0.40,0.15,0.50,0.00,0.53,0.22
ERD1_YEAST,0.52,0.75,0.37,0.14,0.50,0.00,0.46,0.22
ERD2_YEAST,0.71,0.56,0.39,0.27,0.50,0.00,0.52,0.22
ERG1_YEAST,0.58,0.60,0.43,0.12,0.50,0.00,0.55,0.22
THIL_YEAST,0.54,0.65,0.49,0.34,0.50,0.00,0.52,0.22
CP51_YEAST,0.57,0.59,0.44,0.16,0.50,0.00,0.52,0.22
KIME_YEAST,0.59,0.58,0.46,0.19,0.50,0.00,0.56,0.27
ERG2_YEAST,0.92,0.61,0.40,0.22,0.50,0.00,0.54,0.22
FPPS_YEAST,0.55,0.56,0.45,0.14,0.50,0.00,0.54,0.22
ER24_YEAST,0.63,0.61,0.41,0.22,0.50,0.00,0.51,0.22
ERG3_YEAST,0.58,0.53,0.38,0.18,0.50,0.00,0.52,0.22
ERG4_YEAST,0.36,0.46,0.43,0.19,0.50,0.00,0.48,0.22
ERG6_YEAST,0.32,0.47,0.55,0.12,0.50,0.00,0.52,0.22
ERG7_YEAST,0.34,0.38,0.45,0.19,0.50,0.00,0.51,0.22
ERG8_YEAST,0.62,0.58,0.46,0.13,0.50,0.00,0.53,0.22
FDFT_YEAST,0.53,0.68,0.42,0.19,0.50,0.00,0.53,0.22
ERS1_YEAST,0.73,0.55,0.41,0.16,0.50,0.00,0.46,0.22
ESP1_YEAST,0.55,0.46,0.46,0.31,0.50,0.00,0.58,0.48
EST1_YEAST,0.35,0.60,0.47,0.13,0.50,0.00,0.52,0.43
EUG1_YEAST,0.77,0.80,0.51,0.40,1.00,0.00,0.54,0.22
EXG1_YEAST,0.77,0.87,0.47,0.37,0.50,0.00,0.48,0.22
LCF2_YEAST,0.35,0.46,0.49,0.15,1.00,0.00,0.55,0.35
FAD1_YEAST,0.43,0.51,0.48,0.14,0.50,0.00,0.50,0.22
FAS1_YEAST,0.57,0.61,0.45,0.26,0.50,0.00,0.50,0.22
FAS2_YEAST,0.63,0.62,0.42,0.12,0.50,0.00,0.52,0.25
COAC_YEAST,0.25,0.40,0.51,0.18,0.50,0.00,0.50,0.27
ALF_YEAST,0.56,0.62,0.53,0.24,0.50,0.00,0.57,0.22
F16P_YEAST,0.58,0.60,0.51,0.24,0.50,0.00,0.53,0.22
F26_YEAST,0.71,0.59,0.53,0.15,0.50,0.00,0.49,0.33
FCY2_YEAST,0.46,0.35,0.33,0.17,0.50,0.00,0.55,0.22
FET3_YEAST,0.54,0.55,0.42,0.22,0.50,0.00,0.48,0.22
FET4_YEAST,0.39,0.44,0.28,0.12,0.50,0.00,0.46,0.27
FHL1_YEAST,0.33,0.44,0.49,0.08,0.50,0.00,0.48,0.49
FLO1_YEAST,0.81,0.82,0.41,0.36,0.50,0.00,0.39,0.22
FOX2_YEAST,0.69,0.60,0.51,0.13,0.50,0.83,0.52,0.22
THIK_YEAST,0.46,0.48,0.44,0.21,0.50,0.00,0.55,0.22
FKBP_YEAST,0.35,0.36,0.57,0.17,0.50,0.00,0.52,0.22
FKB2_YEAST,0.74,0.72,0.47,0.25,0.50,0.00,0.57,0.22
FKB3_YEAST,0.54,0.57,0.52,0.19,0.50,0.00,0.59,0.67
FPS1_YEAST,0.42,0.52,0.40,0.17,0.50,0.00,0.50,0.26
FRE1_YEAST,0.91,0.77,0.34,0.47,0.50,0.00,0.52,0.31
YKW0_YEAST,0.81,0.90,0.39,0.41,0.50,0.00,0.53,0.22
SYFA_YEAST,0.45,0.40,0.56,0.14,0.50,0.00,0.54,0.22
SYFB_YEAST,0.47,0.47,0.58,0.16,0.50,0.00,0.49,0.28
FUMH_YEAST,0.41,0.39,0.51,0.52,0.50,0.00,0.49,0.22
FU34_YEAST,0.37,0.34,0.32,0.22,0.50,0.00,0.56,0.22
FUR1_YEAST,0.69,0.60,0.50,0.31,0.50,0.00,0.55,0.22
FUR4_YEAST,0.35,0.56,0.36,0.30,0.50,0.00,0.53,0.25
FUS1_YEAST,0.84,0.66,0.36,0.78,0.50,0.00,0.49,0.50
FUS3_YEAST,0.51,0.58,0.54,0.29,0.50,0.00,0.53,0.22
FZF1_YEAST,0.37,0.43,0.62,0.27,0.50,0.00,0.48,0.22
GAC1_YEAST,0.55,0.66,0.57,0.32,0.50,0.00,0.57,0.34
GAL1_YEAST,0.48,0.35,0.42,0.21,0.50,0.00,0.57,0.22
GALX_YEAST,0.62,0.58,0.52,0.15,0.50,0.00,0.52,0.29
GALY_YEAST,0.56,0.59,0.53,0.16,0.50,0.00,0.24,0.42
GAL2_YEAST,0.44,0.51,0.37,0.15,0.50,0.00,0.51,0.22
GAL4_YEAST,0.44,0.44,0.49,0.15,0.50,0.00,0.46,0.27
GAL7_YEAST,0.50,0.50,0.48,0.17,0.50,0.00,0.47,0.26
GAL8_YEAST,0.60,0.60,0.49,0.30,0.50,0.00,0.53,0.22
GAP1_YEAST,0.49,0.46,0.34,0.21,0.50,0.00,0.55,0.22
GAR1_YEAST,0.35,0.68,0.57,0.40,0.50,0.00,0.53,0.36
GAS1_YEAST,0.70,0.69,0.43,0.33,0.50,0.00,0.58,0.22
GBP2_YEAST,0.23,0.30,0.58,0.22,0.50,0.00,0.48,0.27
E2BG_YEAST,0.45,0.42,0.52,0.20,0.50,0.00,0.50,0.25
IF2G_YEAST,0.51,0.35,0.46,0.15,0.50,0.00,0.51,0.42
E2BD_YEAST,0.42,0.39,0.47,0.13,0.50,0.00,0.50,0.27
E2BE_YEAST,0.32,0.38,0.52,0.20,0.50,0.00,0.52,0.28
E2BB_YEAST,0.59,0.65,0.52,0.30,0.50,0.00,0.46,0.31
GCN1_YEAST,0.41,0.52,0.41,0.11,0.50,0.00,0.54,0.35
GCN2_YEAST,0.37,0.33,0.50,0.12,0.50,0.00,0.51,0.54
E2BA_YEAST,0.45,0.56,0.49,0.17,0.50,0.00,0.52,0.22
GCN4_YEAST,0.56,0.54,0.59,0.14,0.50,0.00,0.52,0.27
GCN5_YEAST,0.31,0.31,0.54,0.18,0.50,0.00,0.52,0.29
GCR1_YEAST,0.27,0.51,0.47,0.35,0.50,0.00,0.49,0.28
GCR2_YEAST,0.54,0.56,0.57,0.18,0.50,0.00,0.45,0.25
GCR3_YEAST,0.17,0.38,0.45,0.09,0.50,0.00,0.54,0.27
GCS1_YEAST,0.43,0.51,0.54,0.15,0.50,0.00,0.45,0.26
GCY_YEAST,0.60,0.40,0.59,0.18,0.50,0.00,0.48,0.22
GDA1_YEAST,0.91,0.69,0.57,0.45,0.50,0.00,0.56,0.22
DHE4_YEAST,0.38,0.47,0.53,0.12,0.50,0.00,0.48,0.22
DHE2_YEAST,0.59,0.43,0.52,0.19,0.50,0.00,0.55,0.27
GDI1_YEAST,0.64,0.53,0.45,0.13,0.50,0.00,0.53,0.22
GEF1_YEAST,0.49,0.31,0.34,0.13,0.50,0.00,0.52,0.22
GFA1_YEAST,0.52,0.51,0.51,0.12,0.50,0.00,0.51,0.40
GLGB_YEAST,0.49,0.43,0.48,0.15,0.50,0.00,0.55,0.25
PP12_YEAST,0.49,0.47,0.52,0.16,0.50,0.00,0.53,0.28
HXKG_YEAST,0.48,0.39,0.49,0.18,0.50,0.00,0.51,0.22
GLNA_YEAST,0.44,0.34,0.55,0.18,0.50,0.00,0.52,0.22
GLN3_YEAST,0.43,0.54,0.58,0.16,0.50,0.00,0.50,0.36
SYQ_YEAST,0.49,0.42,0.54,0.17,0.50,0.00,0.50,0.36
GLO3_YEAST,0.34,0.66,0.51,0.16,0.50,0.00,0.47,0.33
GLS1_YEAST,0.20,0.34,0.33,0.10,0.50,0.00,0.48,0.31
6PGD_YEAST,0.74,0.53,0.50,0.08,0.50,0.00,0.55,0.31
GOG5_YEAST,0.69,0.48,0.38,0.15,0.50,0.00,0.55,0.22
GBA1_YEAST,0.30,0.50,0.47,0.11,0.50,0.00,0.46,0.22
GPDA_YEAST,0.44,0.51,0.48,0.38,0.50,0.00,0.52,0.22
PHSG_YEAST,0.31,0.45,0.50,0.17,0.50,0.00,0.49,0.22
PMGY_YEAST,0.55,0.41,0.56,0.21,0.50,0.00,0.52,0.22
PHO2_YEAST,0.40,0.34,0.52,0.17,0.50,0.00,0.47,0.51
SYG_YEAST,0.40,0.48,0.50,0.17,0.50,0.00,0.54,0.50
GSP1_YEAST,0.58,0.48,0.56,0.10,0.50,0.00,0.46,0.25
GSP2_YEAST,0.58,0.48,0.56,0.12,0.50,0.00,0.46,0.25
UGS1_YEAST,0.58,0.45,0.48,0.24,0.50,0.00,0.52,0.37
UGS2_YEAST,0.58,0.41,0.51,0.26,0.50,0.00,0.51,0.37
GTS1_YEAST,0.41,0.60,0.53,0.29,0.50,0.00,0.47,0.43
GPDM_YEAST,0.69,0.50,0.49,0.42,0.50,0.00,0.49,0.22
HAL1_YEAST,0.38,0.49,0.61,0.13,0.50,0.00,0.54,0.22
CYP1_YEAST,0.60,0.48,0.44,0.52,0.50,0.00,0.54,0.63
HAP2_YEAST,0.47,0.49,0.63,0.17,0.50,0.00,0.31,0.26
HAP3_YEAST,0.28,0.51,0.55,0.11,0.50,0.00,0.46,0.22
HAP4_YEAST,0.56,0.57,0.63,0.39,1.00,0.00,0.59,0.40
HBS1_YEAST,0.21,0.38,0.49,0.16,0.50,0.00,0.51,0.45
HCM1_YEAST,0.46,0.57,0.57,0.15,0.50,0.00,0.52,0.26
HDF1_YEAST,0.43,0.42,0.54,0.22,0.50,0.00,0.57,0.33
HEM1_YEAST,0.57,0.59,0.50,0.58,0.50,0.00,0.53,0.22
DCUP_YEAST,0.48,0.34,0.47,0.14,0.50,0.00,0.47,0.26
HEM6_YEAST,0.35,0.40,0.53,0.18,0.50,0.00,0.42,0.38
HEMZ_YEAST,0.47,0.45,0.53,0.62,0.50,0.00,0.46,0.22
HEM2_YEAST,0.53,0.43,0.47,0.15,0.50,0.00,0.58,0.22
HEM3_YEAST,0.46,0.45,0.56,0.16,0.50,0.00,0.56,0.22
HEX2_YEAST,0.44,0.42,0.62,0.14,0.50,0.00,0.55,0.37
H4_YEAST,0.37,0.34,0.58,0.24,0.50,0.00,0.44,0.18
H4_YEAST,0.37,0.34,0.58,0.24,0.50,0.00,0.44,0.18
H3_YEAST,0.39,0.39,0.55,0.52,0.50,0.00,0.37,0.16
H3_YEAST,0.39,0.39,0.55,0.52,0.50,0.00,0.37,0.16
HIP1_YEAST,0.48,0.46,0.38,0.29,0.50,0.00,0.53,0.22
HIR1_YEAST,0.48,0.57,0.50,0.09,0.50,0.00,0.52,0.42
HIR2_YEAST,0.61,0.57,0.45,0.21,0.50,0.00,0.50,0.42
HIS7_YEAST,0.56,0.44,0.56,0.19,0.50,0.00,0.54,0.22
HMD1_YEAST,0.51,0.63,0.30,0.35,0.50,0.00,0.53,0.27
HMD2_YEAST,0.53,0.68,0.34,0.42,0.50,0.00,0.54,0.27
MAT1_YEAST,0.37,0.22,0.64,0.35,0.50,0.00,0.47,0.22
MAT2_YEAST,0.51,0.48,0.58,0.22,0.50,0.00,0.50,0.28
MTA1_YEAST,0.49,0.37,0.59,0.17,0.50,0.00,0.51,0.22
MAT2_YEAST,0.51,0.48,0.58,0.22,0.50,0.00,0.50,0.28
HO_YEAST,0.53,0.53,0.53,0.17,0.50,0.00,0.49,0.37
HOP1_YEAST,0.29,0.68,0.47,0.26,0.50,0.00,0.47,0.37
HPR1_YEAST,0.50,0.45,0.49,0.15,0.50,0.00,0.55,0.43
HXTY_YEAST,0.33,0.28,0.31,0.24,0.50,0.00,0.53,0.22
YJ64_YEAST,0.85,0.85,0.30,0.31,0.50,0.00,0.55,0.42
HR25_YEAST,0.43,0.39,0.51,0.28,0.50,0.00,0.40,0.22
HS83_YEAST,0.61,0.54,0.49,0.16,0.50,0.00,0.54,0.42
HSF_YEAST,0.34,0.35,0.61,0.19,0.50,0.00,0.52,0.25
CH10_YEAST,0.55,0.53,0.56,0.29,0.50,0.00,0.48,0.22
H104_YEAST,0.66,0.62,0.52,0.17,0.50,0.00,0.49,0.22
HS26_YEAST,0.44,0.41,0.58,0.20,0.50,0.00,0.57,0.25
HS30_YEAST,0.37,0.62,0.34,0.25,0.50,0.00,0.51,0.22
HS60_YEAST,0.45,0.56,0.51,0.64,0.50,0.00,0.54,0.22
HSP7_YEAST,0.38,0.46,0.52,0.75,0.50,0.00,0.50,0.26
HS82_YEAST,0.61,0.54,0.49,0.19,0.50,0.00,0.54,0.47
H2A1_YEAST,0.44,0.53,0.52,0.37,0.50,0.00,0.50,0.22
H2A2_YEAST,0.44,0.53,0.52,0.37,0.50,0.00,0.50,0.22
H2B1_YEAST,0.32,0.34,0.61,0.17,0.50,0.00,0.52,0.32
H2B2_YEAST,0.34,0.34,0.61,0.18,0.50,0.00,0.52,0.32
SYH_YEAST,0.51,0.68,0.49,0.59,0.50,0.00,0.54,0.27
HXKA_YEAST,0.41,0.30,0.49,0.28,0.50,0.00,0.54,0.22
HXKB_YEAST,0.41,0.43,0.50,0.28,0.50,0.00,0.50,0.22
HXT1_YEAST,0.30,0.50,0.34,0.26,0.50,0.00,0.51,0.22
HXT2_YEAST,0.49,0.40,0.34,0.26,0.50,0.00,0.50,0.22
HXT3_YEAST,0.34,0.40,0.30,0.23,0.50,0.00,0.51,0.22
HXT4_YEAST,0.43,0.44,0.30,0.18,0.50,0.00,0.51,0.22
HXT5_YEAST,0.43,0.45,0.37,0.12,0.50,0.00,0.48,0.22
HXT6_YEAST,0.45,0.57,0.30,0.17,0.50,0.00,0.51,0.22
HXT7_YEAST,0.45,0.57,0.30,0.17,0.50,0.00,0.51,0.22
HXT8_YEAST,0.42,0.44,0.33,0.17,0.50,0.00,0.54,0.27
ACEA_YEAST,0.52,0.50,0.53,0.10,0.50,0.00,0.48,0.22
IDH1_YEAST,0.53,0.56,0.49,0.46,0.50,0.00,0.52,0.22
IDH2_YEAST,0.45,0.54,0.54,0.62,0.50,0.00,0.53,0.22
IPPI_YEAST,0.51,0.43,0.63,0.18,0.50,0.00,0.52,0.22
IDHP_YEAST,0.51,0.52,0.48,0.50,0.50,0.00,0.51,0.22
IF2M_YEAST,0.55,0.49,0.50,0.46,0.50,0.00,0.52,0.25
SYI_YEAST,0.50,0.46,0.52,0.16,0.50,0.00,0.52,0.26
THDH_YEAST,0.50,0.53,0.45,0.44,0.50,0.00,0.49,0.22
ILVB_YEAST,0.45,0.59,0.53,0.74,0.50,0.00,0.47,0.25
ILV5_YEAST,0.57,0.61,0.55,0.67,0.50,0.00,0.48,0.22
IME1_YEAST,0.54,0.45,0.62,0.13,0.50,0.00,0.52,0.26
IMP1_YEAST,0.67,0.51,0.53,0.28,0.50,0.00,0.51,0.22
IMP2_YEAST,0.35,0.49,0.47,0.22,0.50,0.00,0.50,0.28
IATP_YEAST,0.47,0.63,0.66,0.45,0.50,0.00,0.37,0.11
INO1_YEAST,0.51,0.34,0.43,0.18,0.50,0.00,0.48,0.25
INO2_YEAST,0.56,0.45,0.59,0.14,0.50,0.00,0.51,0.26
INO4_YEAST,0.45,0.38,0.59,0.18,0.50,0.00,0.44,0.45
IPYR_YEAST,0.43,0.51,0.60,0.25,0.50,0.00,0.55,0.22
IRA1_YEAST,0.47,0.59,0.43,0.13,0.50,0.00,0.56,0.30
IRA2_YEAST,0.40,0.45,0.42,0.17,0.50,0.00,0.54,0.26
IRE1_YEAST,0.89,0.81,0.36,0.71,0.50,0.00,0.55,0.63
IS42_YEAST,0.58,0.55,0.52,0.22,0.50,0.00,0.44,0.22
ISP6_YEAST,0.59,0.57,0.46,0.14,0.50,0.00,0.52,0.22
ITR1_YEAST,0.49,0.41,0.32,0.21,0.50,0.00,0.50,0.32
ITR2_YEAST,0.35,0.53,0.35,0.33,0.50,0.00,0.50,0.32
IXR1_YEAST,0.42,0.32,0.61,0.13,0.50,0.00,0.14,0.27
YJ12_YEAST,0.50,0.46,0.42,0.32,0.50,0.00,0.56,0.55
YJ13_YEAST,0.68,0.50,0.43,0.27,0.50,0.00,0.61,0.22
YJ16_YEAST,0.50,0.45,0.49,0.30,0.50,0.00,0.47,0.40
ACOX_YEAST,0.46,0.41,0.50,0.44,0.50,0.00,0.53,0.22
YJ36_YEAST,0.32,0.36,0.34,0.19,0.50,0.00,0.55,0.26
YJ43_YEAST,0.40,0.51,0.42,0.13,0.50,0.00,0.45,0.25
YJ49_YEAST,0.70,0.73,0.37,0.37,0.50,0.00,0.48,0.31
YJ51_YEAST,0.81,0.76,0.32,0.37,0.50,0.00,0.51,0.22
YJ90_YEAST,0.65,0.61,0.39,0.30,0.50,0.00,0.57,0.28
YJ91_YEAST,0.47,0.43,0.35,0.32,0.50,0.00,0.54,0.22
JNM1_YEAST,0.42,0.25,0.60,0.14,0.50,0.00,0.45,0.22
KAR1_YEAST,0.23,0.34,0.41,0.28,0.50,0.00,0.50,0.27
GR78_YEAST,0.85,0.56,0.33,0.38,1.00,0.00,0.55,0.25
KAR3_YEAST,0.34,0.31,0.60,0.37,0.50,0.00,0.50,0.30
KEM1_YEAST,0.59,0.53,0.47,0.26,0.50,0.00,0.53,0.31
KEX1_YEAST,0.67,0.63,0.34,0.41,0.50,0.00,0.60,0.33
KEX2_YEAST,0.70,0.73,0.38,0.36,0.50,0.00,0.54,0.22
ODO1_YEAST,0.54,0.51,0.54,0.52,0.50,0.00,0.47,0.25
ODO2_YEAST,0.53,0.50,0.54,0.56,0.50,0.00,0.49,0.41
KHR1_YEAST,0.84,0.63,0.38,0.23,0.50,0.00,0.53,0.22
KHS1_YEAST,0.89,0.77,0.36,0.34,0.50,0.00,0.44,0.22
KIN1_YEAST,0.48,0.43,0.45,0.17,0.50,0.00,0.48,0.37
KIN2_YEAST,0.36,0.35,0.47,0.22,0.50,0.00,0.44,0.31
KI28_YEAST,0.57,0.49,0.48,0.16,0.50,0.00,0.51,0.22
KIP1_YEAST,0.43,0.52,0.53,0.52,1.00,0.00,0.49,0.22
KIP2_YEAST,0.38,0.49,0.54,1.00,0.50,0.00,0.50,0.27
SMI1_YEAST,0.43,0.32,0.56,0.27,0.50,0.00,0.47,0.27
KRE1_YEAST,0.84,0.87,0.45,0.54,0.50,0.00,0.28,0.22
KR11_YEAST,0.27,0.56,0.56,0.18,0.50,0.00,0.52,0.22
KRE2_YEAST,0.89,0.82,0.60,0.49,0.50,0.00,0.55,0.22
KRE5_YEAST,0.86,0.92,0.50,0.37,1.00,0.00,0.53,0.32
KRE6_YEAST,0.37,0.55,0.29,0.32,0.50,0.00,0.51,0.22
KRE9_YEAST,0.87,0.83,0.57,0.36,0.50,0.00,0.36,0.22
SYKC_YEAST,0.43,0.45,0.54,0.14,0.50,0.00,0.50,0.31
KSS1_YEAST,0.52,0.48,0.54,0.28,0.50,0.00,0.54,0.22
KTR1_YEAST,0.77,0.60,0.42,0.33,0.50,0.00,0.57,0.22
KTR2_YEAST,0.76,0.74,0.56,0.34,0.50,0.00,0.51,0.30
KTR3_YEAST,0.58,0.76,0.40,0.37,0.50,0.00,0.54,0.30
KTR4_YEAST,0.94,0.60,0.33,0.49,0.50,0.00,0.54,0.22
MSF1_YEAST,0.36,0.44,0.57,0.18,0.50,0.00,0.42,0.22
LAG1_YEAST,0.42,0.51,0.39,0.22,0.50,0.00,0.49,0.26
BLH1_YEAST,0.52,0.48,0.58,0.55,0.50,0.00,0.48,0.22
AMPL_YEAST,0.42,0.32,0.48,0.16,0.50,0.00,0.55,0.22
LAS1_YEAST,0.43,0.38,0.51,0.24,0.50,0.00,0.46,0.33
ODP2_YEAST,0.48,0.57,0.52,0.61,0.50,0.00,0.51,0.22
LCB1_YEAST,0.83,0.53,0.52,0.20,0.50,0.00,0.48,0.25
LCB2_YEAST,0.36,0.34,0.46,0.19,0.50,0.00,0.52,0.22
LEU2_YEAST,0.51,0.43,0.47,0.19,0.50,0.00,0.52,0.37
LEU3_YEAST,0.54,0.54,0.49,0.14,0.50,0.00,0.56,0.22
LEUR_YEAST,0.44,0.41,0.44,0.13,0.50,0.00,0.49,0.42
LEU1_YEAST,0.52,0.62,0.54,0.19,0.50,0.00,0.50,0.22
LGT3_YEAST,0.46,0.40,0.38,0.18,0.50,0.00,0.49,0.22
LIP5_YEAST,0.68,0.50,0.55,0.65,0.50,0.00,0.46,0.31
LOS1_YEAST,0.53,0.44,0.47,0.22,0.50,0.00,0.53,0.22
DLDH_YEAST,0.48,0.48,0.50,0.47,0.50,0.00,0.55,0.22
LYP1_YEAST,0.46,0.14,0.36,0.21,0.50,0.00,0.50,0.25
LYS1_YEAST,0.50,0.45,0.48,0.17,0.50,0.00,0.50,0.26
LY14_YEAST,0.44,0.53,0.43,0.17,0.50,0.00,0.54,0.75
LYS2_YEAST,0.46,0.47,0.46,0.16,0.50,0.00,0.51,0.22
MAC1_YEAST,0.52,0.49,0.57,0.57,0.50,0.00,0.51,0.22
MAD1_YEAST,0.62,0.64,0.56,0.20,0.50,0.00,0.48,0.33
MAG_YEAST,0.46,0.32,0.58,0.17,0.50,0.00,0.61,0.25
MK11_YEAST,0.78,0.48,0.47,0.30,0.50,0.00,0.53,0.47
MK16_YEAST,0.49,0.62,0.65,0.18,0.50,0.00,0.46,0.43
MAK3_YEAST,0.50,0.34,0.62,0.19,0.50,0.00,0.57,0.22
MA3T_YEAST,0.39,0.37,0.33,0.23,0.50,0.00,0.53,0.26
MA3S_YEAST,0.39,0.37,0.56,0.15,0.50,0.00,0.50,0.27
MA3R_YEAST,0.33,0.37,0.54,0.28,0.50,0.00,0.53,0.27
MA6T_YEAST,0.39,0.37,0.33,0.23,0.50,0.00,0.52,0.26
MA6R_YEAST,0.33,0.38,0.53,0.26,0.50,0.00,0.52,0.27
AMPM_YEAST,0.48,0.51,0.57,0.24,0.50,0.00,0.50,0.22
MPP2_YEAST,0.50,0.62,0.54,0.66,0.50,0.00,0.49,0.22
MPP1_YEAST,0.47,0.54,0.54,0.48,0.50,0.00,0.53,0.26
OM20_YEAST,0.72,0.58,0.42,0.28,0.50,0.00,0.48,0.22
MAS6_YEAST,0.41,0.41,0.51,0.19,0.50,0.00,0.57,0.22
OM70_YEAST,0.81,0.65,0.52,0.41,0.50,0.00,0.57,0.26
MBP1_YEAST,0.50,0.49,0.52,0.20,0.50,0.00,0.43,0.52
MCM1_YEAST,0.18,0.48,0.46,0.12,0.50,0.00,0.00,0.25
MCM2_YEAST,0.26,0.38,0.52,0.36,0.50,0.00,0.48,0.56
MCM3_YEAST,0.53,0.51,0.51,0.11,0.50,0.00,0.49,0.41
MDHM_YEAST,0.58,0.49,0.50,0.41,0.50,0.00,0.57,0.22
MDHC_YEAST,0.62,0.60,0.47,0.16,0.50,0.00,0.53,0.22
MDHP_YEAST,0.68,0.58,0.51,0.19,0.50,0.83,0.54,0.22
MDJ1_YEAST,0.40,0.52,0.53,0.52,0.50,0.00,0.51,0.22
MDL1_YEAST,0.51,0.47,0.41,0.44,0.50,0.00,0.50,0.22
MDL2_YEAST,0.72,0.56,0.40,0.26,0.50,0.00,0.51,0.26
MDM1_YEAST,0.49,0.44,0.45,0.22,0.50,0.00,0.51,0.22
MD10_YEAST,0.32,0.47,0.55,0.25,0.50,0.00,0.49,0.22
MDS1_YEAST,0.46,0.57,0.52,0.28,0.50,0.00,0.52,0.22
EFG1_YEAST,0.53,0.48,0.45,0.44,0.50,0.00,0.49,0.27
EFG2_YEAST,0.49,0.48,0.46,0.63,0.50,0.00,0.52,0.22
MEIX_YEAST,0.70,0.53,0.42,0.22,0.50,0.00,0.51,0.28
AGAL_YEAST,0.68,0.68,0.49,0.15,0.50,0.00,0.53,0.22
MEP1_YEAST,0.47,0.60,0.35,0.21,0.50,0.00,0.52,0.22
MER1_YEAST,0.55,0.49,0.45,0.18,0.50,0.00,0.49,0.22
MER2_YEAST,0.40,0.53,0.61,0.21,0.50,0.00,0.48,0.33
SYMC_YEAST,0.57,0.44,0.42,0.20,0.50,0.00,0.54,0.22
MET2_YEAST,0.40,0.47,0.48,0.18,0.50,0.00,0.46,0.22
MT17_YEAST,0.34,0.54,0.54,0.13,0.50,0.00,0.52,0.22
MT28_YEAST,0.43,0.83,0.55,0.20,0.50,0.00,0.47,0.40
MET4_YEAST,0.55,0.65,0.50,0.28,0.50,0.00,0.55,0.22
METE_YEAST,0.29,0.46,0.54,0.27,0.50,0.00,0.49,0.22
MFA2_YEAST,0.46,0.42,0.60,0.21,0.50,0.00,0.40,0.22
MFA3_YEAST,0.80,0.81,0.55,0.35,0.50,0.00,0.42,0.22
MFA4_YEAST,0.79,0.74,0.49,0.33,0.50,0.00,0.48,0.22
GRPE_YEAST,0.45,0.48,0.63,0.67,0.50,0.00,0.48,0.22
MGM1_YEAST,0.66,0.52,0.52,0.44,0.50,0.00,0.56,0.27
M101_YEAST,0.50,0.49,0.59,0.47,0.50,0.00,0.49,0.36
MGMT_YEAST,0.54,0.52,0.54,0.20,0.50,0.00,0.55,0.25
MIF2_YEAST,0.37,0.31,0.53,0.16,0.50,0.00,0.53,0.44
MIG1_YEAST,0.43,0.39,0.59,0.13,0.50,0.00,0.41,0.43
DPOG_YEAST,0.48,0.47,0.54,0.55,0.50,0.00,0.51,0.65
MPCP_YEAST,0.60,0.59,0.45,0.23,0.50,0.00,0.55,0.22
C1TM_YEAST,0.45,0.73,0.47,0.65,0.50,0.00,0.54,0.43
MLH1_YEAST,0.66,0.54,0.49,0.16,0.50,0.00,0.54,0.36
MLP1_YEAST,0.46,0.55,0.61,0.13,0.50,0.00,0.47,0.22
MASY_YEAST,0.42,0.50,0.53,0.22,0.50,0.83,0.50,0.22
MNN1_YEAST,0.66,0.66,0.32,0.54,0.50,0.00,0.51,0.22
MNN9_YEAST,0.74,0.56,0.35,0.36,0.50,0.00,0.51,0.25
MNS1_YEAST,0.89,0.52,0.41,0.26,0.50,0.00,0.52,0.31
MOD5_YEAST,0.67,0.51,0.54,0.21,0.50,0.00,0.43,0.30
MOT1_YEAST,0.58,0.46,0.46,0.34,0.50,0.00,0.50,0.43
MPI1_YEAST,0.40,0.68,0.50,0.82,0.50,0.00,0.44,0.36
MPI2_YEAST,0.59,0.57,0.43,0.26,0.50,0.00,0.51,0.22
MR11_YEAST,0.39,0.30,0.56,0.12,0.50,0.00,0.53,0.38
RF1M_YEAST,0.60,0.62,0.54,0.40,0.50,0.00,0.50,0.22
RT01_YEAST,0.36,0.40,0.53,0.48,0.50,0.00,0.48,0.22
RT13_YEAST,0.51,0.42,0.56,0.38,0.50,0.00,0.46,0.22
RT17_YEAST,0.41,0.54,0.58,0.20,0.50,0.00,0.52,0.22
RT02_YEAST,0.57,0.40,0.62,0.30,0.50,0.00,0.48,0.11
RM41_YEAST,0.52,0.50,0.59,0.31,0.50,0.00,0.50,0.22
RT04_YEAST,0.42,0.53,0.53,0.64,0.50,0.00,0.47,0.22
RM49_YEAST,0.50,0.46,0.64,0.36,0.50,0.00,0.49,0.22
RM02_YEAST,0.60,0.51,0.60,0.38,0.50,0.83,0.52,0.24
RT08_YEAST,0.45,0.38,0.64,0.14,0.50,0.00,0.54,0.22
RM13_YEAST,0.60,0.57,0.64,0.52,0.50,0.00,0.47,0.28
RM16_YEAST,0.53,0.42,0.58,0.29,0.50,0.00,0.50,0.22
RM20_YEAST,0.41,0.52,0.53,0.41,0.50,0.00,0.39,0.33
RM25_YEAST,0.45,0.43,0.63,0.40,0.50,0.00,0.59,0.11
RM27_YEAST,0.44,0.44,0.67,0.35,0.50,0.00,0.48,0.26
RM31_YEAST,0.58,0.52,0.61,0.33,0.50,0.00,0.38,0.11
RM32_YEAST,0.57,0.61,0.55,0.27,0.50,0.00,0.44,0.21
RM33_YEAST,0.57,0.58,0.58,0.35,0.50,0.00,0.49,0.22
RM36_YEAST,0.64,0.64,0.56,0.21,0.50,0.00,0.50,0.22
RM37_YEAST,0.56,0.50,0.61,0.49,0.50,0.00,0.46,0.28
RM38_YEAST,0.60,0.46,0.59,0.16,0.50,0.00,0.49,0.22
RM04_YEAST,0.36,0.38,0.56,0.44,0.50,0.00,0.48,0.22
RM44_YEAST,0.53,0.52,0.61,0.35,0.50,0.00,0.50,0.22
RM06_YEAST,0.62,0.59,0.54,0.47,0.50,0.00,0.46,0.22
RM08_YEAST,0.55,0.50,0.60,0.31,0.50,0.00,0.46,0.27
RM09_YEAST,0.58,0.53,0.57,0.46,0.50,0.00,0.51,0.27
RT28_YEAST,0.65,0.53,0.55,0.52,0.50,0.00,0.47,0.27
RT05_YEAST,0.38,0.54,0.54,0.41,0.50,0.00,0.51,0.22
RT09_YEAST,0.58,0.53,0.50,0.53,0.50,0.00,0.47,0.31
MRS1_YEAST,0.61,0.46,0.51,0.37,0.50,0.00,0.51,0.22
MRS2_YEAST,0.55,0.59,0.47,0.64,0.50,0.00,0.54,0.33
MRS3_YEAST,0.54,0.64,0.50,0.13,0.50,0.00,0.49,0.22
MRS4_YEAST,0.40,0.74,0.49,0.16,0.50,0.00,0.51,0.22
MSB2_YEAST,0.76,0.76,0.35,0.27,0.50,0.00,0.44,0.22
SYDM_YEAST,0.51,0.56,0.51,0.42,0.50,0.00,0.53,0.36
SYFM_YEAST,0.43,0.32,0.50,0.29,0.50,0.00,0.50,0.22
MSH1_YEAST,0.49,0.44,0.45,0.55,0.50,0.00,0.48,0.22
MSH2_YEAST,0.32,0.45,0.44,0.20,0.50,0.00,0.55,0.33
MSH3_YEAST,0.51,0.60,0.51,0.26,0.50,0.00,0.54,0.22
MSH4_YEAST,0.49,0.46,0.42,0.46,0.50,0.00,0.55,0.22
SYKM_YEAST,0.50,0.56,0.49,0.61,0.50,0.00,0.50,0.22
SYMM_YEAST,0.51,0.48,0.51,0.43,0.50,0.00,0.49,0.22
MSN1_YEAST,0.52,0.38,0.62,0.12,0.50,0.00,0.41,0.28
MSN2_YEAST,0.53,0.40,0.57,0.12,0.50,0.00,0.53,0.32
MSN4_YEAST,0.51,0.56,0.62,0.24,0.50,0.00,0.52,0.51
MSP1_YEAST,0.63,0.60,0.50,0.27,0.50,0.00,0.55,0.22
SYR_YEAST,0.46,0.44,0.53,0.31,0.50,0.00,0.48,0.22
MSS1_YEAST,0.58,0.57,0.54,0.69,0.50,0.00,0.54,0.22
MS16_YEAST,0.61,0.59,0.47,0.49,0.50,0.00,0.54,0.22
MS18_YEAST,0.63,0.47,0.56,0.12,0.50,0.00,0.50,0.22
MS51_YEAST,0.55,0.53,0.54,0.40,0.50,0.00,0.48,0.22
SYTM_YEAST,0.41,0.47,0.58,0.62,0.50,0.00,0.50,0.22
SYWM_YEAST,0.44,0.53,0.53,0.37,0.50,0.00,0.51,0.22
MTD1_YEAST,0.57,0.40,0.48,0.24,0.50,0.00,0.55,0.22
MTF1_YEAST,0.46,0.46,0.56,0.12,0.50,0.00,0.55,0.22
RU1A_YEAST,0.47,0.46,0.55,0.28,0.50,0.00,0.44,0.46
YKH4_YEAST,0.39,0.35,0.49,0.17,0.50,0.00,0.49,0.22
MYS1_YEAST,0.58,0.38,0.40,0.21,0.50,0.00,0.50,0.22
MYS2_YEAST,0.53,0.41,0.50,0.24,1.00,0.00,0.47,0.22
MYS4_YEAST,0.43,0.40,0.50,0.18,0.50,0.00,0.50,0.28
YN19_YEAST,0.41,0.59,0.46,0.19,0.50,0.00,0.36,0.22
YN46_YEAST,0.58,0.56,0.52,0.25,0.50,0.00,0.57,0.35
YN70_YEAST,0.51,0.65,0.53,0.19,0.50,0.00,0.49,0.22
YN94_YEAST,0.81,0.79,0.32,0.37,0.50,0.00,0.41,0.22
YNE2_YEAST,0.44,0.41,0.29,0.21,0.50,0.00,0.49,0.22
NAB1_YEAST,0.49,0.60,0.55,0.17,0.50,0.00,0.44,0.22
NAB2_YEAST,0.56,0.63,0.52,0.20,0.50,0.00,0.34,0.26
NAB3_YEAST,0.42,0.28,0.57,0.18,0.50,0.00,0.42,0.22
NAM1_YEAST,0.51,0.46,0.54,0.41,0.50,0.00,0.53,0.22
SYLM_YEAST,0.60,0.51,0.52,0.45,0.50,0.00,0.50,0.27
NAM7_YEAST,0.37,0.41,0.45,0.14,0.50,0.00,0.47,0.22
NAM9_YEAST,0.37,0.51,0.57,0.40,0.50,0.00,0.48,0.27
NAP1_YEAST,0.36,0.39,0.55,0.26,0.50,0.00,0.49,0.22
NAT1_YEAST,0.50,0.36,0.53,0.41,0.50,0.00,0.55,0.36
NAT2_YEAST,0.59,0.58,0.39,0.52,0.50,0.00,0.50,0.31
NCPR_YEAST,0.78,0.63,0.53,0.13,0.50,0.00,0.54,0.22
NDC1_YEAST,0.47,0.59,0.37,0.31,0.50,0.00,0.51,0.36
CB31_YEAST,0.48,0.62,0.52,0.30,0.50,0.00,0.51,0.37
NDI1_YEAST,0.53,0.61,0.51,0.49,0.50,0.00,0.54,0.27
NFS1_YEAST,0.48,0.54,0.53,0.60,0.50,0.00,0.53,0.31
ADA3_YEAST,0.33,0.46,0.53,0.29,0.50,0.00,0.50,0.55
NHP2_YEAST,0.36,0.44,0.51,0.17,0.50,0.00,0.60,0.19
NHPA_YEAST,0.39,0.34,0.68,0.30,0.50,0.00,0.50,0.29
NHPB_YEAST,0.11,0.41,0.67,0.13,0.50,0.00,0.45,0.29
NI96_YEAST,0.40,0.53,0.44,0.18,0.50,0.00,0.54,0.31
NIN1_YEAST,0.47,0.50,0.55,0.19,0.50,0.00,0.62,0.22
NIP1_YEAST,0.35,0.50,0.44,0.27,0.50,0.00,0.51,0.22
NMD2_YEAST,0.36,0.30,0.50,0.19,0.50,0.00,0.55,0.30
NMT_YEAST,0.49,0.44,0.51,0.18,0.50,0.00,0.52,0.27
FBRL_YEAST,0.35,0.44,0.54,0.26,0.50,0.00,0.52,0.26
NOP2_YEAST,0.43,0.28,0.53,0.34,0.50,0.00,0.55,0.57
NOP4_YEAST,0.33,0.48,0.55,0.16,0.50,0.00,0.53,0.75
NOT3_YEAST,0.45,0.21,0.49,0.24,0.50,0.00,0.46,0.31
NOP3_YEAST,0.44,0.34,0.61,0.13,0.50,0.00,0.49,0.26
NSP1_YEAST,0.87,0.47,0.60,0.47,0.50,0.00,0.59,0.22
NSR1_YEAST,0.30,0.55,0.58,0.16,0.50,0.00,0.61,0.28
TREA_YEAST,0.29,0.34,0.55,0.24,0.50,0.00,0.51,0.22
NUC1_YEAST,0.75,0.67,0.51,0.29,0.50,0.00,0.52,0.36
RNC1_YEAST,0.47,0.47,0.50,0.15,0.50,0.00,0.50,0.48
NUF1_YEAST,0.51,0.34,0.49,0.16,0.50,0.00,0.53,0.21
NUF2_YEAST,0.64,0.76,0.51,0.18,0.50,0.00,0.46,0.22
NUP1_YEAST,0.45,0.41,0.58,0.48,0.50,0.00,0.53,0.64
N100_YEAST,0.90,0.54,0.59,0.20,0.50,0.00,0.48,0.22
N116_YEAST,0.88,0.59,0.54,0.39,0.50,0.00,0.41,0.30
YK62_YEAST,0.70,0.51,0.47,0.24,0.50,0.00,0.53,0.25
NUP2_YEAST,0.25,0.36,0.58,0.30,0.50,0.00,0.58,0.31
NU49_YEAST,0.69,0.62,0.49,0.00,1.00,0.00,0.47,0.22
OCH1_YEAST,0.83,0.57,0.42,0.57,0.50,0.00,0.50,0.32
ACO1_YEAST,0.43,0.38,0.38,0.12,0.50,0.00,0.50,0.22
ATP9_YEAST,0.78,0.65,0.40,0.16,0.50,0.00,0.63,0.22
ATP6_YEAST,0.52,0.64,0.34,0.16,0.50,0.00,0.57,0.22
OM45_YEAST,0.75,0.66,0.64,0.39,0.50,0.00,0.46,0.32
PORI_YEAST,0.41,0.49,0.58,0.22,0.50,0.00,0.52,0.22
OPI1_YEAST,0.58,0.51,0.56,0.16,0.50,0.00,0.34,0.22
PEM2_YEAST,0.48,0.49,0.45,0.23,0.50,0.00,0.51,0.22
ORC2_YEAST,0.39,0.42,0.49,0.10,0.50,0.00,0.49,0.65
YHR8_YEAST,0.31,0.42,0.48,0.17,0.50,0.00,0.49,0.53
YM38_YEAST,0.39,0.28,0.54,0.14,0.50,0.00,0.59,0.22
YINO_YEAST,0.76,0.67,0.37,0.22,0.50,0.00,0.54,0.22
YDA2_YEAST,0.49,0.27,0.57,0.18,0.50,0.83,0.54,0.22
PABP_YEAST,0.28,0.48,0.56,0.16,0.50,0.00,0.48,0.26
PAN1_YEAST,0.69,0.39,0.52,0.12,0.50,0.00,0.38,0.35
PAP_YEAST,0.64,0.52,0.50,0.26,0.50,0.00,0.51,0.31
PAS1_YEAST,0.56,0.48,0.50,0.30,0.50,0.00,0.51,0.22
PTSR_YEAST,0.50,0.50,0.54,0.16,0.50,0.00,0.49,0.22
UBCX_YEAST,0.47,0.43,0.59,0.27,0.50,0.00,0.55,0.22
PAS3_YEAST,0.68,0.59,0.44,0.49,0.50,0.00,0.40,0.26
PAS7_YEAST,0.50,0.51,0.57,0.27,0.50,0.00,0.48,0.22
IPB2_YEAST,0.45,0.46,0.61,0.20,0.50,0.00,0.62,0.22
ATC2_YEAST,0.53,0.51,0.36,0.13,0.50,0.00,0.52,0.22
ODPA_YEAST,0.60,0.54,0.54,0.53,0.50,0.00,0.52,0.27
ODPB_YEAST,0.49,0.52,0.53,0.70,0.50,0.00,0.51,0.22
DCP1_YEAST,0.49,0.45,0.53,0.16,0.50,0.00,0.49,0.31
PDC2_YEAST,0.51,0.46,0.57,0.25,0.50,0.00,0.53,0.22
DCP2_YEAST,0.49,0.45,0.46,0.18,0.50,0.00,0.49,0.31
DCP3_YEAST,0.52,0.46,0.51,0.18,0.50,0.00,0.50,0.22
CNA1_YEAST,0.55,0.59,0.52,0.10,0.50,0.00,0.53,0.22
CNA2_YEAST,0.39,0.58,0.50,0.10,0.50,0.00,0.51,0.25
PDI_YEAST,0.70,0.84,0.49,0.28,1.00,0.00,0.58,0.22
PDR1_YEAST,0.33,0.38,0.45,0.19,0.50,0.00,0.54,0.37
PDR3_YEAST,0.61,0.46,0.44,0.47,0.50,0.00,0.50,0.37
PDR5_YEAST,0.41,0.48,0.38,0.13,0.50,0.00,0.51,0.35
PDS1_YEAST,0.37,0.42,0.60,0.13,0.50,0.00,0.51,0.22
ODPX_YEAST,0.45,0.58,0.59,0.44,0.50,0.00,0.56,0.22
PEP1_YEAST,0.74,0.89,0.32,0.24,0.50,0.00,0.54,0.32
PE12_YEAST,0.28,0.46,0.26,0.18,0.50,0.00,0.39,0.22
PEP3_YEAST,0.51,0.46,0.49,0.21,0.50,0.00,0.55,0.22
CARP_YEAST,0.80,0.82,0.57,0.26,0.50,0.00,0.57,0.27
END1_YEAST,0.46,0.49,0.45,0.28,0.50,0.00,0.55,0.22
PEP8_YEAST,0.40,0.36,0.55,0.15,0.50,0.00,0.53,0.22
PES4_YEAST,0.67,0.46,0.58,0.30,0.50,0.00,0.57,0.27
PT11_YEAST,0.50,0.32,0.49,0.49,0.50,0.00,0.48,0.32
PT12_YEAST,0.45,0.53,0.47,0.43,0.50,0.00,0.50,0.27
PT17_YEAST,0.75,0.60,0.43,0.35,0.50,0.00,0.45,0.27
PT22_YEAST,0.56,0.68,0.52,0.39,0.50,0.00,0.36,0.22
RTPT_YEAST,0.48,0.45,0.59,0.35,0.50,0.00,0.55,0.30
PT27_YEAST,0.26,0.28,0.60,0.20,0.50,0.00,0.54,0.31
PT91_YEAST,0.59,0.45,0.58,0.21,0.50,0.00,0.49,0.22
PT09_YEAST,0.48,0.52,0.49,0.35,0.50,0.50,0.51,0.22
PT94_YEAST,0.59,0.58,0.47,0.61,0.50,0.00,0.44,0.30
PT54_YEAST,0.50,0.57,0.62,0.25,0.50,0.00,0.51,0.22
K6P1_YEAST,0.57,0.49,0.50,0.20,0.50,0.00,0.51,0.28
K6P2_YEAST,0.62,0.43,0.49,0.29,0.50,0.00,0.50,0.27
6P2K_YEAST,0.45,0.41,0.49,0.14,1.00,0.00,0.53,0.30
PROF_YEAST,0.47,0.49,0.60,0.15,0.50,0.00,0.38,0.22
PGD1_YEAST,0.41,0.48,0.54,0.24,0.50,0.00,0.37,0.51
G6PI_YEAST,0.46,0.46,0.53,0.23,0.50,0.00,0.51,0.22
PGK_YEAST,0.48,0.42,0.48,0.19,0.50,0.00,0.58,0.22
PGM1_YEAST,0.43,0.45,0.53,0.19,0.50,0.00,0.56,0.22
PGM2_YEAST,0.28,0.36,0.55,0.15,0.50,0.00,0.57,0.22
PHD1_YEAST,0.48,0.46,0.58,0.26,0.50,0.00,0.44,0.22
PPAB_YEAST,0.74,0.72,0.50,0.28,0.50,0.00,0.50,0.27
PPAC_YEAST,0.74,0.72,0.50,0.28,0.50,0.00,0.49,0.27
PNPP_YEAST,0.38,0.62,0.52,0.14,0.50,0.00,0.53,0.22
PPA3_YEAST,0.77,0.72,0.48,0.26,0.50,0.00,0.51,0.22
PHO4_YEAST,0.44,0.42,0.57,0.22,0.50,0.00,0.50,0.25
PPA5_YEAST,0.74,0.74,0.51,0.27,0.50,0.00,0.50,0.22
PPB_YEAST,0.39,0.81,0.35,0.28,0.50,0.00,0.51,0.45
PH80_YEAST,0.53,0.54,0.43,0.18,0.50,0.00,0.53,0.31
PH84_YEAST,0.38,0.45,0.37,0.19,0.50,0.00,0.52,0.30
PH85_YEAST,0.40,0.37,0.54,0.13,0.50,0.00,0.48,0.22
YCS7_YEAST,0.31,0.30,0.34,0.19,0.50,0.00,0.55,0.30
PHR_YEAST,0.50,0.42,0.57,0.49,0.50,0.00,0.48,0.27
PIF1_YEAST,0.59,0.61,0.51,0.62,0.50,0.00,0.51,0.38
PIK1_YEAST,0.45,0.40,0.43,0.22,0.50,0.00,0.51,0.48
LONM_YEAST,0.47,0.54,0.53,0.77,0.50,0.00,0.52,0.36
PIR1_YEAST,0.77,0.78,0.51,0.28,0.50,0.00,0.33,0.22
H150_YEAST,0.74,0.71,0.52,0.30,0.50,0.00,0.27,0.22
PIR3_YEAST,0.77,0.73,0.51,0.27,0.50,0.00,0.34,0.22
PIS_YEAST,0.47,0.61,0.50,0.23,0.50,0.00,0.49,0.22
PLB1_YEAST,0.78,0.69,0.44,0.26,0.50,0.00,0.54,0.22
ATH1_YEAST,0.49,0.60,0.30,0.34,0.50,0.00,0.50,0.43
ATH2_YEAST,0.27,0.56,0.30,0.14,0.50,0.00,0.52,0.39
ATC3_YEAST,0.40,0.39,0.33,0.17,0.50,0.00,0.51,0.31
MANA_YEAST,0.55,0.51,0.54,0.20,0.50,0.00,0.56,0.22
PMP1_YEAST,0.95,0.71,0.27,0.39,0.50,0.00,0.31,0.22
PMP2_YEAST,0.97,0.71,0.29,0.42,0.50,0.00,0.35,0.22
ATC1_YEAST,0.44,0.43,0.34,0.21,0.50,0.00,0.55,0.40
ATN1_YEAST,0.39,0.49,0.30,0.19,0.50,0.00,0.52,0.31
PMS1_YEAST,0.38,0.48,0.51,0.13,0.50,0.00,0.50,0.32
PMT1_YEAST,0.37,0.51,0.39,0.18,0.50,0.00,0.51,0.27
PMT2_YEAST,0.27,0.49,0.36,0.26,0.50,0.00,0.49,0.26
POB1_YEAST,0.49,0.48,0.52,0.20,0.50,0.00,0.55,0.22
DPOA_YEAST,0.36,0.39,0.54,0.16,0.50,0.00,0.50,0.28
DPO2_YEAST,0.54,0.53,0.48,0.14,0.50,0.00,0.49,0.33
DPOE_YEAST,0.37,0.48,0.50,0.26,0.50,0.00,0.52,0.39
DPOD_YEAST,0.25,0.39,0.50,0.23,0.50,0.00,0.50,0.28
PCNA_YEAST,0.49,0.71,0.54,0.13,0.50,0.00,0.58,0.22
DPO4_YEAST,0.56,0.50,0.56,0.26,0.50,0.00,0.53,0.27
P152_YEAST,0.41,0.53,0.41,0.15,0.50,0.00,0.54,0.25
POP2_YEAST,0.50,0.45,0.53,0.21,0.50,0.00,0.28,0.22
CAO_YEAST,0.46,0.37,0.48,0.36,0.50,0.00,0.48,0.22
PPA1_YEAST,0.66,0.55,0.34,0.20,0.50,0.00,0.62,0.22
IPY2_YEAST,0.42,0.65,0.58,0.34,0.50,0.00,0.50,0.22
PPCK_YEAST,0.45,0.47,0.53,0.15,0.50,0.00,0.52,0.27
PPR1_YEAST,0.42,0.28,0.51,0.23,0.50,0.00,0.53,0.27
PPX1_YEAST,0.51,0.48,0.46,0.29,0.50,0.00,0.54,0.22
PRTB_YEAST,0.75,0.69,0.48,0.13,0.50,0.00,0.57,0.40
CBPY_YEAST,0.69,0.70,0.50,0.30,0.50,0.00,0.54,0.22
PRTD_YEAST,0.63,0.55,0.53,0.51,0.50,0.00,0.55,0.22
PRCG_YEAST,0.55,0.63,0.54,0.16,0.50,0.00,0.45,0.27
PRCE_YEAST,0.46,0.62,0.54,0.25,0.50,0.00,0.46,0.22
PRCD_YEAST,0.53,0.59,0.48,0.14,0.50,0.00,0.51,0.22
PRCH_YEAST,0.42,0.53,0.57,0.17,0.50,0.00,0.49,0.22
PRC2_YEAST,0.52,0.46,0.56,0.20,0.50,0.00,0.50,0.22
PRC6_YEAST,0.53,0.43,0.57,0.24,0.50,0.00,0.39,0.28
PRI1_YEAST,0.33,0.35,0.56,0.19,0.50,0.00,0.50,0.22
PRI2_YEAST,0.45,0.48,0.56,0.56,0.50,0.00,0.47,0.22
PROB_YEAST,0.56,0.48,0.50,0.17,0.50,0.00,0.51,0.26
PROC_YEAST,0.77,0.57,0.45,0.17,0.50,0.00,0.53,0.22
PR16_YEAST,0.56,0.59,0.54,0.18,0.50,0.00,0.48,0.46
PR18_YEAST,0.33,0.39,0.52,0.09,0.50,0.00,0.47,0.28
PR19_YEAST,0.48,0.41,0.54,0.39,0.50,0.00,0.51,0.22
PR02_YEAST,0.30,0.30,0.46,0.32,0.50,0.00,0.45,0.22
PR21_YEAST,0.38,0.26,0.60,0.10,0.50,0.00,0.48,0.44
PR22_YEAST,0.68,0.39,0.50,0.15,0.50,0.00,0.48,0.37
PR28_YEAST,0.62,0.41,0.52,0.17,0.50,0.00,0.48,0.22
PR38_YEAST,0.52,0.37,0.48,0.13,0.50,0.00,0.55,0.22
PR39_YEAST,0.32,0.48,0.49,0.17,0.50,0.00,0.47,0.22
PR04_YEAST,0.34,0.35,0.58,0.20,0.50,0.00,0.46,0.32
PR05_YEAST,0.33,0.21,0.53,0.15,1.00,0.00,0.52,0.50
PR06_YEAST,0.49,0.45,0.57,0.24,0.50,0.00,0.47,0.38
PR08_YEAST,0.40,0.28,0.48,0.06,0.50,0.00,0.49,0.42
PR09_YEAST,0.51,0.39,0.56,0.25,0.50,0.00,0.51,0.33
PRC8_YEAST,0.45,0.45,0.52,0.17,0.50,0.00,0.54,0.22
PRC5_YEAST,0.28,0.51,0.55,0.19,0.50,0.00,0.57,0.22
PRC3_YEAST,0.51,0.51,0.56,0.28,0.50,0.00,0.54,0.27
PRC9_YEAST,0.48,0.56,0.49,0.32,0.50,0.00,0.50,0.22
PRT1_YEAST,0.59,0.46,0.48,0.46,0.50,0.00,0.49,0.22
DPSD_YEAST,0.51,0.46,0.40,0.65,0.50,0.00,0.49,0.22
SNM1_YEAST,0.37,0.44,0.51,0.56,0.50,0.00,0.50,0.38
PTM1_YEAST,0.81,0.55,0.35,0.34,0.50,0.00,0.51,0.22
PTP1_YEAST,0.53,0.45,0.53,0.18,0.50,0.00,0.42,0.22
PTP2_YEAST,0.45,0.27,0.50,0.33,0.50,0.00,0.53,0.26
PTR2_YEAST,0.36,0.33,0.38,0.15,0.50,0.00,0.55,0.36
PUB1_YEAST,0.48,0.50,0.56,0.11,0.50,0.00,0.33,0.22
PRCF_YEAST,0.35,0.47,0.53,0.19,0.50,0.00,0.48,0.22
PRCZ_YEAST,0.48,0.48,0.56,0.18,0.50,0.00,0.58,0.22
PUT1_YEAST,0.60,0.59,0.47,0.47,0.50,0.00,0.53,0.22
PUT2_YEAST,0.45,0.53,0.51,0.42,0.50,0.00,0.52,0.22
PUT3_YEAST,0.29,0.40,0.41,0.48,0.50,0.00,0.53,0.30
PUT4_YEAST,0.58,0.53,0.33,0.26,0.50,0.00,0.51,0.22
PYC1_YEAST,0.46,0.43,0.50,0.24,0.50,0.00,0.48,0.31
PYC2_YEAST,0.43,0.46,0.50,0.21,0.50,0.00,0.49,0.34
KPYK_YEAST,0.61,0.55,0.51,0.26,0.50,0.00,0.52,0.22
UCRX_YEAST,0.50,0.62,0.52,0.30,0.50,0.00,0.56,0.22
UCR2_YEAST,0.49,0.45,0.54,0.40,0.50,0.00,0.55,0.22
UCR6_YEAST,0.64,0.53,0.59,0.14,0.50,0.00,0.53,0.22
UCRQ_YEAST,0.57,0.60,0.54,0.17,0.50,0.00,0.52,0.22
UCR8_YEAST,0.38,0.31,0.59,0.19,0.50,0.00,0.46,0.22
UCR9_YEAST,0.68,0.53,0.44,0.31,0.50,0.00,0.51,0.22
RAD1_YEAST,0.24,0.41,0.47,0.16,0.50,0.00,0.51,0.38
RA10_YEAST,0.61,0.39,0.53,0.14,0.50,0.00,0.43,0.26
RA14_YEAST,0.39,0.16,0.59,0.08,0.50,0.00,0.51,0.27
RA16_YEAST,0.33,0.28,0.50,0.40,0.50,0.00,0.46,0.61
RA18_YEAST,0.51,0.55,0.56,0.18,0.50,0.00,0.50,0.38
RAD2_YEAST,0.39,0.44,0.54,0.24,0.50,0.00,0.51,0.49
RA23_YEAST,0.43,0.48,0.53,0.18,0.50,0.00,0.46,0.22
RA26_YEAST,0.47,0.43,0.48,0.16,0.50,0.00,0.46,0.27
RAD3_YEAST,0.52,0.50,0.51,0.20,0.50,0.00,0.51,0.22
RAD4_YEAST,0.33,0.28,0.52,0.15,0.50,0.00,0.51,0.86
RAD5_YEAST,0.36,0.48,0.50,0.13,0.50,0.00,0.49,0.60
RA50_YEAST,0.45,0.54,0.49,0.29,0.50,0.00,0.49,0.25
RA51_YEAST,0.55,0.59,0.53,0.15,0.50,0.00,0.49,0.22
RA52_YEAST,0.31,0.39,0.55,0.28,0.50,0.00,0.46,0.31
RA54_YEAST,0.43,0.41,0.51,0.34,0.50,0.00,0.49,0.28
RA55_YEAST,0.64,0.50,0.53,0.10,0.50,0.00,0.51,0.22
RA57_YEAST,0.41,0.52,0.56,0.26,0.50,0.00,0.48,0.32
UBC2_YEAST,0.48,0.47,0.59,0.41,0.50,0.00,0.56,0.27
RAD7_YEAST,0.49,0.49,0.51,0.29,0.50,0.00,0.52,0.71
RAD9_YEAST,0.41,0.52,0.51,0.22,0.50,0.00,0.52,0.44
SRS2_YEAST,0.51,0.61,0.50,0.23,0.50,0.00,0.52,0.61
RAM1_YEAST,0.59,0.47,0.51,0.53,0.50,0.00,0.53,0.26
RAM2_YEAST,0.40,0.60,0.50,0.16,0.50,0.00,0.51,0.22
RAP1_YEAST,0.54,0.53,0.53,0.17,0.50,0.00,0.51,0.39
RAS1_YEAST,0.61,0.46,0.54,0.11,0.50,0.00,0.47,0.22
RAS2_YEAST,0.66,0.55,0.54,0.18,0.50,0.00,0.43,0.22
RAT1_YEAST,0.53,0.46,0.54,0.37,0.50,0.00,0.51,0.30
RCA1_YEAST,0.41,0.41,0.43,0.61,0.50,0.00,0.53,0.22
REB1_YEAST,0.58,0.31,0.60,0.12,0.50,0.00,0.47,0.33
R102_YEAST,0.49,0.67,0.50,0.28,0.50,0.00,0.43,0.22
R104_YEAST,0.44,0.33,0.55,0.16,0.50,0.00,0.49,0.22
R114_YEAST,0.44,0.45,0.53,0.19,0.50,0.00,0.41,0.28
RED1_YEAST,0.57,0.55,0.52,0.16,0.50,0.00,0.49,0.39
RER1_YEAST,0.45,0.66,0.39,0.11,0.50,0.00,0.54,0.22
DPOX_YEAST,0.32,0.49,0.53,0.28,0.50,0.00,0.50,0.50
RFA1_YEAST,0.35,0.42,0.56,0.28,0.50,0.00,0.47,0.22
RFA2_YEAST,0.46,0.41,0.58,0.10,0.50,0.00,0.48,0.22
RFA3_YEAST,0.57,0.51,0.58,0.22,0.50,0.00,0.51,0.22
RFC2_YEAST,0.47,0.47,0.54,0.19,0.50,0.00,0.51,0.33
RFC3_YEAST,0.34,0.58,0.50,0.26,0.50,0.00,0.51,0.22
RFC4_YEAST,0.55,0.45,0.58,0.25,0.50,0.00,0.49,0.22
RFT1_YEAST,0.40,0.66,0.34,0.21,0.50,0.00,0.52,0.26
RGM1_YEAST,0.42,0.21,0.59,0.30,0.50,0.00,0.47,0.27
RHO1_YEAST,0.60,0.48,0.46,0.32,0.50,0.00,0.40,0.33
RHO2_YEAST,0.64,0.44,0.51,0.35,0.50,0.00,0.53,0.22
RIF1_YEAST,0.35,0.40,0.44,0.25,0.50,0.00,0.53,0.57
RIM1_YEAST,0.55,0.38,0.64,0.42,0.50,0.00,0.47,0.22
RIM2_YEAST,0.45,0.43,0.50,0.25,0.50,0.00,0.47,0.22
UCRI_YEAST,0.47,0.53,0.48,0.51,0.50,0.00,0.54,0.22
RME1_YEAST,0.45,0.49,0.57,0.25,0.50,0.00,0.48,0.22
RNA1_YEAST,0.45,0.52,0.50,0.12,0.50,0.00,0.60,0.22
RN12_YEAST,0.56,0.51,0.32,0.49,0.50,0.00,0.48,0.22
RN14_YEAST,0.37,0.58,0.50,0.22,0.50,0.00,0.47,0.22
RN15_YEAST,0.47,0.45,0.51,0.33,0.50,0.00,0.46,0.26
ROX1_YEAST,0.50,0.36,0.64,0.37,0.50,0.00,0.37,0.33
ROX3_YEAST,0.43,0.44,0.64,0.19,0.50,0.00,0.38,0.33
RS3A_YEAST,0.38,0.40,0.59,0.25,0.50,0.00,0.44,0.22
RS3B_YEAST,0.39,0.39,0.59,0.25,0.50,0.00,0.45,0.22
R13A_YEAST,0.54,0.55,0.56,0.14,0.50,0.00,0.50,0.25
RL18_YEAST,0.45,0.50,0.57,0.29,0.50,0.00,0.44,0.11
RL18_YEAST,0.45,0.50,0.57,0.29,0.50,0.00,0.44,0.11
RS24_YEAST,0.61,0.38,0.57,0.36,0.50,0.00,0.44,0.21
RS24_YEAST,0.61,0.38,0.57,0.36,0.50,0.00,0.44,0.21
R17A_YEAST,0.43,0.33,0.54,0.37,0.50,0.00,0.38,0.16
R17B_YEAST,0.43,0.33,0.54,0.37,0.50,0.00,0.38,0.16
R61A_YEAST,0.51,0.39,0.58,0.19,0.50,0.00,0.47,0.22
RPA9_YEAST,0.72,0.51,0.52,0.08,0.50,0.00,0.54,0.22
RPA2_YEAST,0.35,0.41,0.53,0.27,0.50,0.00,0.47,0.29
RPA1_YEAST,0.56,0.49,0.54,0.15,0.50,0.00,0.50,0.35
RPA3_YEAST,0.57,0.37,0.43,0.27,0.50,0.00,0.53,0.28
RPBX_YEAST,0.57,0.49,0.61,0.26,0.50,0.00,0.52,0.22
RPBY_YEAST,0.48,0.45,0.63,0.19,0.50,0.00,0.58,0.22
RPB2_YEAST,0.34,0.48,0.47,0.19,0.50,0.00,0.50,0.30
RPB3_YEAST,0.54,0.57,0.55,0.18,0.50,0.00,0.50,0.22
RPB4_YEAST,0.38,0.44,0.55,0.44,0.50,0.00,0.47,0.51
RPB5_YEAST,0.40,0.30,0.57,0.13,0.50,0.00,0.46,0.22
RPB6_YEAST,0.27,0.31,0.55,0.13,0.50,0.00,0.50,0.22
RPB7_YEAST,0.52,0.46,0.56,0.25,0.50,0.00,0.52,0.22
RPB8_YEAST,0.44,0.50,0.55,0.24,0.50,0.00,0.48,0.22
RPB9_YEAST,0.34,0.47,0.48,0.32,0.50,0.00,0.42,0.22
RPCX_YEAST,0.50,0.56,0.63,0.25,0.50,0.00,0.42,0.22
RPC2_YEAST,0.46,0.53,0.47,0.37,0.50,0.00,0.51,0.36
RPC9_YEAST,0.31,0.60,0.65,0.18,0.50,0.00,0.46,0.22
RPC8_YEAST,0.57,0.42,0.63,0.22,0.50,0.00,0.68,0.32
RPC6_YEAST,0.37,0.45,0.53,0.14,0.50,0.00,0.49,0.22
RPC5_YEAST,0.38,0.38,0.54,0.24,0.50,0.00,0.54,0.22
RPC4_YEAST,0.36,0.49,0.55,0.21,0.50,0.00,0.55,0.33
RPC3_YEAST,0.29,0.40,0.50,0.16,0.50,0.00,0.51,0.34
RPD3_YEAST,0.37,0.30,0.51,0.15,0.50,0.00,0.58,0.26
RL1_YEAST,0.35,0.33,0.48,0.42,0.50,0.00,0.47,0.43
RL15_YEAST,0.46,0.35,0.69,0.18,0.50,0.00,0.30,0.25
RL15_YEAST,0.46,0.35,0.69,0.18,0.50,0.00,0.30,0.25
R14A_YEAST,0.57,0.43,0.52,0.30,0.50,0.00,0.37,0.11
R14B_YEAST,0.57,0.43,0.52,0.30,0.50,0.00,0.37,0.11
RL12_YEAST,0.59,0.51,0.48,0.12,0.50,0.00,0.54,0.31
RL12_YEAST,0.59,0.51,0.48,0.12,0.50,0.00,0.54,0.31
RL16_YEAST,0.61,0.53,0.59,0.17,0.50,0.00,0.44,0.28
RL1A_YEAST,0.61,0.48,0.56,0.19,0.50,0.00,0.53,0.31
RL1A_YEAST,0.61,0.48,0.56,0.19,0.50,0.00,0.53,0.31
R16A_YEAST,0.44,0.56,0.52,0.18,0.50,0.00,0.50,0.11
R16B_YEAST,0.36,0.56,0.52,0.18,0.50,0.00,0.45,0.16
RL17_YEAST,0.37,0.44,0.64,0.48,0.50,0.00,0.36,0.27
RL19_YEAST,0.72,0.37,0.63,0.38,0.50,0.00,0.40,0.14
RL19_YEAST,0.72,0.37,0.63,0.38,0.50,0.00,0.40,0.14
RL25_YEAST,0.44,0.36,0.64,0.45,0.50,0.00,0.53,0.11
RL27_YEAST,0.58,0.45,0.55,0.27,0.50,0.00,0.48,0.11
RL2_YEAST,0.63,0.64,0.45,0.26,0.50,0.00,0.43,0.22
RL2_YEAST,0.63,0.64,0.45,0.26,0.50,0.00,0.43,0.22
RL3A_YEAST,0.43,0.33,0.67,0.12,0.50,0.00,0.45,0.23
RL3B_YEAST,0.43,0.33,0.67,0.12,0.50,0.00,0.43,0.23
RL3E_YEAST,0.58,0.44,0.50,0.26,0.50,0.00,0.52,0.22
RL34_YEAST,0.38,0.43,0.53,0.22,0.50,0.00,0.48,0.11
R37A_YEAST,0.40,0.45,0.61,0.29,0.50,0.00,0.44,0.22
R37B_YEAST,0.40,0.45,0.61,0.29,0.50,0.00,0.44,0.22
RL44_YEAST,0.34,0.34,0.65,0.40,0.50,0.00,0.32,0.16
RL44_YEAST,0.34,0.34,0.65,0.40,0.50,0.00,0.32,0.16
RL46_YEAST,0.43,0.22,0.79,0.79,0.50,0.00,0.22,0.00
RL41_YEAST,0.35,0.21,1.00,0.80,0.50,0.00,0.13,0.01
RL41_YEAST,0.35,0.21,1.00,0.80,0.50,0.00,0.13,0.01
RL4A_YEAST,0.56,0.35,0.47,0.41,0.50,0.00,0.50,0.22
RL4B_YEAST,0.56,0.35,0.47,0.35,0.50,0.00,0.52,0.22
RL6_YEAST,0.54,0.44,0.55,0.48,0.50,0.00,0.47,0.22
RL71_YEAST,0.35,0.39,0.56,0.20,0.50,0.00,0.49,0.41
RL9_YEAST,0.48,0.46,0.58,0.16,0.50,0.00,0.45,0.22
RLA0_YEAST,0.48,0.55,0.48,0.10,0.50,0.00,0.55,0.22
RLA1_YEAST,0.66,0.60,0.52,0.19,0.50,0.00,0.69,0.22
RLA2_YEAST,0.69,0.54,0.55,0.23,0.50,0.00,0.73,0.22
RLA3_YEAST,0.73,0.60,0.47,0.20,0.50,0.00,0.72,0.22
RLA4_YEAST,0.78,0.82,0.56,0.21,0.50,0.00,0.69,0.22
RPM2_YEAST,0.42,0.49,0.49,0.36,0.50,0.00,0.57,0.26
RPB1_YEAST,0.44,0.62,0.53,0.27,0.50,0.00,0.49,0.22
RPC1_YEAST,0.56,0.61,0.52,0.19,0.50,0.00,0.52,0.32
RPOM_YEAST,0.47,0.56,0.46,0.50,0.50,0.00,0.51,0.22
RS6_YEAST,0.46,0.33,0.45,0.22,0.50,0.00,0.41,0.37
R19A_YEAST,0.52,0.43,0.61,0.22,0.50,0.00,0.45,0.22
R19B_YEAST,0.52,0.43,0.61,0.22,0.50,0.00,0.45,0.22
RS41_YEAST,0.32,0.44,0.54,0.21,0.50,0.00,0.40,0.19
RS41_YEAST,0.32,0.44,0.54,0.21,0.50,0.00,0.40,0.19
RS15_YEAST,0.48,0.41,0.52,0.33,0.50,0.00,0.51,0.26
RS22_YEAST,0.46,0.39,0.54,0.22,0.50,0.00,0.48,0.25
RS22_YEAST,0.46,0.39,0.54,0.22,0.50,0.00,0.48,0.25
RS21_YEAST,0.42,0.50,0.64,0.13,0.50,0.00,0.49,0.22
R26A_YEAST,0.46,0.54,0.59,0.41,0.50,0.00,0.53,0.21
R26B_YEAST,0.46,0.54,0.59,0.41,0.50,0.00,0.53,0.21
R271_YEAST,0.39,0.65,0.57,0.19,0.50,0.00,0.44,0.25
R272_YEAST,0.39,0.65,0.57,0.19,0.50,0.00,0.43,0.25
RS28_YEAST,0.38,0.50,0.52,0.44,0.50,0.00,0.54,0.11
RS28_YEAST,0.38,0.50,0.52,0.44,0.50,0.00,0.54,0.11
RS3_YEAST,0.51,0.52,0.58,0.17,0.50,0.00,0.47,0.28
RS31_YEAST,0.57,0.48,0.54,0.22,0.50,0.00,0.50,0.11
RS33_YEAST,0.50,0.50,0.62,0.23,0.50,0.00,0.35,0.11
RS37_YEAST,0.41,0.49,0.65,0.28,0.50,0.00,0.59,0.57
RS4E_YEAST,0.53,0.57,0.60,0.36,0.50,0.00,0.50,0.22
RS4E_YEAST,0.53,0.57,0.60,0.36,0.50,0.00,0.50,0.22
RS8_YEAST,0.37,0.30,0.62,0.43,0.50,0.00,0.44,0.39
RS8_YEAST,0.37,0.30,0.62,0.43,0.50,0.00,0.44,0.39
RRN6_YEAST,0.60,0.57,0.52,0.14,0.50,0.00,0.46,0.48
RRN7_YEAST,0.42,0.38,0.52,0.29,0.50,0.00,0.42,0.22
RTG1_YEAST,0.41,0.46,0.58,0.08,0.50,0.00,0.51,0.28
R161_YEAST,0.49,0.40,0.58,0.23,0.50,0.00,0.47,0.27
R167_YEAST,0.37,0.37,0.51,0.38,0.50,0.00,0.44,0.22
RSD1_YEAST,0.57,0.50,0.40,0.08,0.50,0.00,0.47,0.22
FIMB_YEAST,0.51,0.40,0.50,0.28,0.50,0.00,0.48,0.27
SAC7_YEAST,0.34,0.25,0.55,0.28,0.50,0.00,0.51,0.49
SAG1_YEAST,0.77,0.86,0.44,0.27,0.50,0.00,0.48,0.22
SAR1_YEAST,0.59,0.54,0.53,0.14,0.50,0.00,0.48,0.22
SC25_YEAST,0.50,0.48,0.48,0.23,0.50,0.00,0.53,0.68
SCJ1_YEAST,0.39,1.00,0.38,0.41,0.50,0.00,0.50,0.27
PRCI_YEAST,0.56,0.42,0.52,0.14,0.50,0.00,0.51,0.22
TAT2_YEAST,0.39,0.46,0.33,0.18,0.50,0.00,0.53,0.22
SCO1_YEAST,0.52,0.54,0.47,0.49,0.50,0.00,0.54,0.22
S160_YEAST,0.46,0.49,0.55,0.18,0.50,0.00,0.56,0.22
DHSA_YEAST,0.56,0.65,0.49,0.56,0.50,0.00,0.49,0.22
DHSB_YEAST,0.53,0.51,0.55,0.57,0.50,0.00,0.46,0.22
SDH3_YEAST,0.54,0.64,0.40,0.56,0.50,0.00,0.51,0.22
SDH4_YEAST,0.47,0.58,0.47,0.52,0.50,0.00,0.54,0.22
SDHL_YEAST,0.46,0.42,0.51,0.16,0.50,0.00,0.56,0.22
SEC1_YEAST,0.60,0.51,0.49,0.18,0.50,0.00,0.53,0.38
SC11_YEAST,0.85,0.66,0.49,0.18,0.50,0.00,0.51,0.22
SC12_YEAST,0.55,0.52,0.44,0.20,0.50,0.00,0.56,0.22
SC13_YEAST,0.49,0.38,0.56,0.09,0.50,0.00,0.46,0.22
SC14_YEAST,0.38,0.40,0.53,0.12,0.50,0.00,0.55,0.22
SC15_YEAST,0.55,0.55,0.52,0.13,0.50,0.00,0.53,0.25
SC17_YEAST,0.46,0.44,0.58,0.17,0.50,0.00,0.55,0.22
SC18_YEAST,0.34,0.46,0.52,0.19,0.50,0.00,0.53,0.26
SEC2_YEAST,0.58,0.56,0.46,0.14,0.50,0.00,0.51,0.22
SC20_YEAST,0.46,0.47,0.44,0.18,1.00,0.00,0.46,0.22
SC21_YEAST,0.44,0.71,0.50,0.21,0.50,0.00,0.54,0.27
SC22_YEAST,0.56,0.49,0.32,0.22,0.50,0.00,0.50,0.22
SC23_YEAST,0.41,0.49,0.47,0.09,0.50,0.00,0.49,0.22
SEC4_YEAST,0.44,0.51,0.53,0.30,0.50,0.00,0.53,0.22
PMM_YEAST,0.54,0.51,0.56,0.15,0.50,0.00,0.54,0.31
SC59_YEAST,0.51,0.51,0.32,0.27,0.50,0.00,0.54,0.22
SEC6_YEAST,0.46,0.38,0.51,0.20,0.50,0.00,0.51,0.22
S61A_YEAST,0.55,0.72,0.35,0.26,0.50,0.00,0.49,0.22
SC62_YEAST,0.54,0.44,0.35,0.19,0.50,0.00,0.51,0.27
NPL1_YEAST,0.65,0.66,0.37,0.12,0.50,0.00,0.52,0.27
SC65_YEAST,0.41,0.40,0.56,0.17,0.50,0.00,0.56,0.22
SC66_YEAST,0.39,0.71,0.38,0.14,0.50,0.00,0.50,0.22
SEC7_YEAST,0.37,0.42,0.46,0.15,0.50,0.00,0.51,0.31
SC72_YEAST,0.59,0.55,0.57,0.18,0.50,0.00,0.51,0.22
SEC8_YEAST,0.48,0.51,0.50,0.24,0.50,0.00,0.54,0.38
SEC9_YEAST,0.39,0.30,0.63,0.20,0.50,0.00,0.43,0.47
TRAM_YEAST,0.47,0.52,0.54,0.25,0.50,0.00,0.54,0.29
SED1_YEAST,0.77,0.82,0.40,0.36,0.50,0.00,0.38,0.22
SED4_YEAST,0.52,0.55,0.39,0.09,1.00,0.00,0.55,0.25
SED5_YEAST,0.42,0.28,0.33,0.23,0.50,0.00,0.39,0.26
SEN1_YEAST,0.47,0.37,0.46,0.28,0.50,0.00,0.52,0.99
SEN2_YEAST,0.48,0.50,0.47,0.29,0.50,0.00,0.46,0.27
SYSC_YEAST,0.30,0.33,0.55,0.12,0.50,0.00,0.53,0.38
SFL1_YEAST,0.49,0.49,0.52,0.18,0.50,0.00,0.51,0.25
SFP1_YEAST,0.54,0.59,0.57,0.34,0.50,0.00,0.49,0.22
AMYG_YEAST,0.70,0.78,0.53,0.24,0.50,0.00,0.48,0.22
SGE1_YEAST,0.85,0.69,0.34,0.31,0.50,0.00,0.57,0.30
SHM1_YEAST,0.56,0.59,0.45,0.15,0.50,0.00,0.54,0.22
GLYM_YEAST,0.47,0.56,0.53,0.44,0.50,0.00,0.53,0.22
GLYC_YEAST,0.53,0.49,0.47,0.21,0.50,0.00,0.53,0.22
SHR3_YEAST,0.70,0.57,0.34,0.19,0.50,0.00,0.53,0.27
SIC1_YEAST,0.42,0.43,0.67,0.70,0.50,0.00,0.42,0.25
NOT4_YEAST,0.47,0.44,0.53,0.18,0.50,0.00,0.47,0.29
SIN3_YEAST,0.40,0.49,0.53,0.23,0.50,0.00,0.44,0.26
SIN4_YEAST,0.45,0.65,0.51,0.17,0.50,0.00,0.49,0.22
SIP2_YEAST,0.42,0.42,0.55,0.31,0.50,0.00,0.43,0.22
SIR1_YEAST,0.45,0.41,0.53,0.49,0.50,0.00,0.49,0.31
SIR2_YEAST,0.42,0.28,0.49,0.22,0.50,0.00,0.55,0.34
SIR3_YEAST,0.47,0.50,0.47,0.22,0.50,0.00,0.53,0.45
SIR4_YEAST,0.33,0.42,0.55,0.23,0.50,0.00,0.52,0.43
SIS1_YEAST,0.56,0.55,0.57,0.15,0.50,0.00,0.54,0.25
SIS2_YEAST,0.37,0.47,0.49,0.12,0.50,0.00,0.47,0.31
SKI3_YEAST,0.32,0.60,0.48,0.13,0.50,0.00,0.53,0.22
SKN1_YEAST,0.38,0.42,0.31,0.35,0.50,0.00,0.52,0.22
SKN7_YEAST,0.46,0.56,0.56,0.25,0.50,0.00,0.43,0.22
SKO1_YEAST,0.47,0.55,0.57,0.17,0.50,0.00,0.52,0.66
SLA1_YEAST,0.37,0.55,0.52,0.13,0.50,0.00,0.42,0.80
SLA2_YEAST,0.46,0.48,0.38,0.22,0.50,0.00,0.39,0.45
PLSC_YEAST,0.80,0.69,0.53,0.33,0.50,0.00,0.51,0.22
SLN1_YEAST,0.52,0.65,0.36,0.37,0.50,0.00,0.52,0.34
SLU7_YEAST,0.19,0.16,0.68,0.36,0.50,0.00,0.49,0.21
SLY1_YEAST,0.64,0.31,0.53,0.15,0.50,0.00,0.53,0.31
SLY4_YEAST,0.40,0.43,0.36,0.33,0.50,0.00,0.51,0.22
SMC1_YEAST,0.47,0.56,0.51,0.20,0.50,0.00,0.52,0.59
SMC2_YEAST,0.40,0.75,0.44,0.12,0.50,0.00,0.49,0.22
SMD1_YEAST,0.48,0.55,0.58,0.18,0.50,0.00,0.38,0.69
SMF1_YEAST,0.57,0.51,0.34,0.13,0.50,0.00,0.53,0.27
SMF2_YEAST,0.23,0.37,0.32,0.13,0.50,0.00,0.53,0.22
SMY1_YEAST,0.54,0.50,0.51,0.26,0.50,0.00,0.52,0.22
SMY2_YEAST,0.60,0.64,0.56,0.36,0.50,0.00,0.46,0.27
SNC1_YEAST,0.27,0.41,0.24,0.20,0.50,0.00,0.49,0.22
SNC2_YEAST,0.25,0.35,0.22,0.18,0.50,0.00,0.46,0.22
SNF1_YEAST,0.39,0.45,0.51,0.29,0.50,0.00,0.54,0.22
SNF2_YEAST,0.33,0.47,0.55,0.24,0.50,0.00,0.45,0.67
SNF3_YEAST,0.37,0.40,0.38,0.18,0.50,0.00,0.51,0.22
SNF4_YEAST,0.43,0.47,0.47,0.18,0.50,0.00,0.47,0.22
SNF5_YEAST,0.66,0.43,0.57,0.60,0.50,0.00,0.19,0.33
SNF6_YEAST,0.55,0.40,0.62,0.22,0.50,0.00,0.37,0.28
RU17_YEAST,0.33,0.46,0.60,0.18,0.50,0.00,0.51,0.26
SNP2_YEAST,0.51,0.50,0.54,0.11,0.50,0.00,0.60,0.22
YBC6_YEAST,0.54,0.60,0.57,0.17,0.50,0.00,0.44,0.22
SNQ2_YEAST,0.45,0.57,0.38,0.28,0.50,0.00,0.53,0.31
SODC_YEAST,0.55,0.57,0.51,0.07,0.50,0.00,0.55,0.22
SODM_YEAST,0.54,0.47,0.58,0.40,0.50,0.00,0.46,0.27
SOF1_YEAST,0.36,0.32,0.55,0.27,0.50,0.00,0.47,0.43
SOK1_YEAST,0.46,0.41,0.45,0.23,0.50,0.00,0.48,0.22
SON1_YEAST,0.40,0.39,0.60,0.23,0.50,0.00,0.52,0.31
RL35_YEAST,0.52,0.47,0.58,0.18,0.50,0.00,0.34,0.11
RL35_YEAST,0.52,0.47,0.58,0.18,0.50,0.00,0.34,0.11
SPA2_YEAST,0.50,0.45,0.51,0.19,0.50,0.00,0.53,0.25
SPB4_YEAST,0.57,0.55,0.51,0.18,0.50,0.00,0.51,0.43
SPK1_YEAST,0.44,0.43,0.46,0.28,0.50,0.00,0.45,0.29
SP11_YEAST,0.46,0.50,0.50,0.28,0.50,0.00,0.50,0.37
SPR1_YEAST,0.66,0.65,0.54,0.40,0.50,0.00,0.51,0.22
SS10_YEAST,0.77,0.73,0.49,0.46,0.50,0.00,0.38,0.22
SX18_YEAST,0.38,0.58,0.46,0.21,0.50,0.00,0.52,0.22
SX19_YEAST,0.32,0.68,0.51,0.16,0.50,0.83,0.55,0.22
SP10_YEAST,0.27,0.46,0.52,0.17,0.50,0.00,0.49,0.44
SP14_YEAST,0.52,0.45,0.45,0.13,0.50,0.00,0.48,0.22
TF2D_YEAST,0.37,0.29,0.45,0.15,0.50,0.00,0.49,0.22
SPT2_YEAST,0.37,0.48,0.67,0.37,0.50,0.00,0.56,0.62
SP21_YEAST,0.44,0.59,0.54,0.18,0.50,0.00,0.49,0.22
SP23_YEAST,0.48,0.65,0.36,0.24,0.50,0.00,0.54,0.31
SPT3_YEAST,0.59,0.49,0.45,0.22,0.50,0.00,0.45,0.31
SPT4_YEAST,0.73,0.52,0.59,0.25,0.50,0.00,0.51,0.22
SPT5_YEAST,0.50,0.43,0.50,0.17,0.50,0.00,0.46,0.47
SPT6_YEAST,0.23,0.13,0.51,0.16,0.50,0.00,0.53,0.51
SPT7_YEAST,0.49,0.60,0.54,0.35,0.50,0.00,0.53,0.46
SPT8_YEAST,0.52,0.31,0.56,0.16,0.50,0.00,0.55,0.22
SRB2_YEAST,0.49,0.48,0.51,0.21,0.50,0.00,0.53,0.22
SRB4_YEAST,0.49,0.60,0.42,0.18,0.50,0.00,0.58,0.28
SRB5_YEAST,0.60,0.62,0.54,0.11,0.50,0.00,0.51,0.22
SRB6_YEAST,0.55,0.47,0.53,0.20,0.50,0.00,0.40,0.22
SCA1_YEAST,0.47,0.32,0.51,0.24,0.50,0.00,0.54,0.27
SRD1_YEAST,0.53,0.25,0.59,0.27,0.50,0.00,0.45,0.26
RCC_YEAST,0.31,0.50,0.54,0.32,0.50,0.00,0.53,0.31
SRPI_YEAST,0.25,0.33,0.48,0.18,0.50,0.00,0.42,0.33
SRPR_YEAST,0.55,0.46,0.47,0.15,0.50,0.00,0.47,0.22
SR14_YEAST,0.61,0.50,0.61,0.21,0.50,0.00,0.55,0.54
SR54_YEAST,0.50,0.52,0.51,0.22,0.50,0.00,0.46,0.37
SR68_YEAST,0.62,0.33,0.49,0.24,0.50,0.00,0.51,0.42
SR72_YEAST,0.56,0.52,0.46,0.17,0.50,0.00,0.49,0.73
CAP_YEAST,0.52,0.56,0.55,0.16,0.50,0.00,0.53,0.39
HS71_YEAST,0.53,0.48,0.51,0.18,0.50,0.00,0.52,0.27
HS72_YEAST,0.51,0.48,0.51,0.19,0.50,0.00,0.51,0.27
HS73_YEAST,0.51,0.48,0.51,0.26,0.50,0.00,0.51,0.27
HS74_YEAST,0.53,0.48,0.51,0.18,0.50,0.00,0.51,0.27
HS75_YEAST,0.60,0.46,0.51,0.10,0.50,0.00,0.48,0.31
HS76_YEAST,0.60,0.46,0.51,0.10,0.50,0.00,0.48,0.31
SSB1_YEAST,0.44,0.39,0.63,0.11,0.50,0.00,0.49,0.26
HS77_YEAST,0.51,0.50,0.49,0.45,0.50,0.00,0.48,0.22
SSD1_YEAST,0.45,0.45,0.51,0.30,0.50,0.00,0.48,0.44
RA25_YEAST,0.38,0.42,0.47,0.12,0.50,0.00,0.47,0.53
SSN6_YEAST,0.19,0.66,0.60,0.14,0.50,0.00,0.20,0.25
SSO1_YEAST,0.41,0.42,0.23,0.16,0.50,0.00,0.40,0.22
SSO2_YEAST,0.25,0.42,0.21,0.14,0.50,0.00,0.41,0.22
S120_YEAST,0.70,0.58,0.53,0.39,0.50,0.00,0.59,0.22
S61G_YEAST,0.49,0.31,0.43,0.24,0.50,0.00,0.54,0.22
SST2_YEAST,0.46,0.41,0.43,0.18,0.50,0.00,0.54,0.22
AMYH_YEAST,0.83,0.81,0.45,0.38,0.50,0.00,0.40,0.26
ST12_YEAST,0.38,0.51,0.56,0.21,0.50,0.00,0.48,0.31
DAP1_YEAST,0.32,0.36,0.28,0.38,0.50,0.00,0.50,0.40
ST14_YEAST,0.40,0.65,0.38,0.17,0.50,0.00,0.57,0.22
GBG_YEAST,0.36,0.37,0.63,0.25,0.50,0.00,0.30,0.22
STE2_YEAST,0.49,0.55,0.41,0.19,0.50,0.00,0.48,0.31
ST20_YEAST,0.30,0.45,0.55,0.19,0.50,0.00,0.53,0.40
STE3_YEAST,0.88,0.72,0.32,0.30,0.50,0.00,0.52,0.33
GBB_YEAST,0.44,0.40,0.53,0.19,0.50,0.00,0.48,0.27
STE5_YEAST,0.45,0.57,0.52,0.21,0.50,0.00,0.54,0.38
STE6_YEAST,0.46,0.61,0.38,0.35,0.50,0.00,0.49,0.22
STF1_YEAST,0.55,0.41,0.67,0.61,0.50,0.00,0.49,0.14
STF2_YEAST,0.28,0.18,0.72,0.26,0.50,0.00,0.49,0.25
STH1_YEAST,0.66,0.65,0.53,0.17,0.50,0.00,0.47,0.66
STL1_YEAST,0.36,0.50,0.39,0.23,0.50,0.00,0.50,0.22
STP1_YEAST,0.48,0.54,0.56,0.29,0.50,0.00,0.51,0.43
STU1_YEAST,0.33,0.37,0.49,0.22,0.50,0.00,0.55,0.22
STV1_YEAST,0.58,0.43,0.32,0.11,0.50,0.00,0.49,0.22
TF2B_YEAST,0.58,0.64,0.42,0.30,0.50,0.00,0.54,0.22
INV1_YEAST,0.74,0.82,0.46,0.24,0.50,0.00,0.50,0.31
INV2_YEAST,0.74,0.82,0.46,0.24,0.50,0.00,0.48,0.22
INV4_YEAST,0.75,0.76,0.58,0.22,0.50,0.00,0.49,0.22
SUG1_YEAST,0.58,0.37,0.58,0.16,0.50,0.00,0.51,0.22
SUI1_YEAST,0.39,0.39,0.65,0.16,0.50,0.00,0.45,0.22
IF2A_YEAST,0.51,0.59,0.55,0.21,0.50,0.00,0.52,0.22
IF2B_YEAST,0.41,0.35,0.60,0.22,0.50,0.00,0.56,0.79
SUL1_YEAST,0.43,0.28,0.41,0.32,0.50,0.00,0.52,0.22
SUP1_YEAST,0.41,0.49,0.55,0.13,0.50,0.00,0.55,0.22
SUP2_YEAST,0.23,0.29,0.46,0.00,0.50,0.00,0.43,0.31
RS4_YEAST,0.25,0.48,0.45,0.32,0.50,0.00,0.40,0.22
RS11_YEAST,0.38,0.34,0.55,0.44,0.50,0.00,0.48,0.26
SUV3_YEAST,0.61,0.54,0.54,0.38,0.50,0.00,0.54,0.29
ADR6_YEAST,0.48,0.17,0.37,0.33,0.50,0.00,0.44,0.36
SWI3_YEAST,0.47,0.47,0.50,0.19,0.50,0.00,0.51,0.26
SWI4_YEAST,0.55,0.38,0.52,0.16,0.50,0.00,0.49,0.64
SWI5_YEAST,0.41,0.39,0.61,0.17,0.50,0.00,0.50,0.61
SWI6_YEAST,0.41,0.56,0.53,0.16,0.50,0.00,0.55,0.26
OSTD_YEAST,0.78,0.73,0.27,0.28,0.50,0.00,0.56,0.22
SYG1_YEAST,0.31,0.51,0.38,0.18,0.50,0.00,0.46,0.31
TAL1_YEAST,0.63,0.64,0.49,0.20,0.50,0.00,0.52,0.25
VAL1_YEAST,0.31,0.40,0.31,0.17,0.50,0.00,0.52,0.22
TBF1_YEAST,0.44,0.65,0.49,0.16,0.50,0.00,0.48,0.31
RL3_YEAST,0.48,0.44,0.46,0.37,0.50,0.00,0.46,0.36
TCPA_YEAST,0.50,0.49,0.46,0.22,0.50,0.00,0.53,0.25
TCPE_YEAST,0.62,0.42,0.47,0.16,0.50,0.00,0.52,0.22
TCPB_YEAST,0.50,0.45,0.52,0.18,0.50,0.00,0.52,0.22
TCPG_YEAST,0.59,0.51,0.47,0.21,0.50,0.00,0.47,0.22
TCPD_YEAST,0.39,0.47,0.49,0.20,0.50,0.00,0.53,0.26
TCPZ_YEAST,0.49,0.48,0.52,0.24,0.50,0.00,0.50,0.22
G3P1_YEAST,0.59,0.48,0.49,0.42,0.50,0.00,0.52,0.22
G3P2_YEAST,0.57,0.35,0.50,0.43,0.50,0.00,0.53,0.22
G3P3_YEAST,0.61,0.52,0.50,0.44,0.50,0.00,0.53,0.22
TF3B_YEAST,0.49,0.51,0.52,0.13,0.50,0.00,0.51,0.33
TEC1_YEAST,0.45,0.40,0.56,0.15,0.50,0.00,0.52,0.22
EF1A_YEAST,0.63,0.43,0.48,0.11,0.50,0.00,0.51,0.22
EF1A_YEAST,0.63,0.43,0.48,0.11,0.50,0.00,0.51,0.22
EF1G_YEAST,0.52,0.45,0.53,0.34,0.50,0.00,0.52,0.44
EF1H_YEAST,0.54,0.48,0.55,0.33,0.50,0.00,0.55,0.40
T2EA_YEAST,0.55,0.79,0.45,0.25,0.50,0.00,0.51,0.22
YK42_YEAST,0.58,0.51,0.63,0.20,0.50,0.00,0.50,0.42
TFB1_YEAST,0.63,0.58,0.57,0.10,0.50,0.00,0.52,0.33
TFC1_YEAST,0.54,0.67,0.56,0.15,0.50,0.00,0.57,0.33
TF3A_YEAST,0.41,0.59,0.65,0.14,0.50,0.00,0.49,0.33
TFC3_YEAST,0.47,0.38,0.50,0.15,0.50,0.00,0.49,0.47
TFC4_YEAST,0.33,0.17,0.52,0.13,0.50,0.00,0.51,0.75
DKA1_YEAST,0.42,0.50,0.59,0.17,0.50,0.00,0.51,0.22
THRC_YEAST,0.54,0.55,0.55,0.40,0.50,0.00,0.53,0.22
SYTC_YEAST,0.31,0.31,0.57,0.15,0.50,0.00,0.50,0.22
IF4A_YEAST,0.38,0.42,0.50,0.19,0.50,0.00,0.44,0.22
IF1A_YEAST,0.33,0.36,0.62,0.26,0.50,0.00,0.55,0.22
IF4A_YEAST,0.38,0.42,0.50,0.19,0.50,0.00,0.44,0.22
TIF3_YEAST,0.47,0.56,0.58,0.19,0.50,0.00,0.44,0.64
IF41_YEAST,0.32,0.32,0.52,0.18,0.50,0.00,0.48,0.34
IF42_YEAST,0.28,0.27,0.50,0.14,0.50,0.00,0.50,0.28
IF5_YEAST,0.41,0.46,0.57,0.25,0.50,0.00,0.57,0.38
IF52_YEAST,0.44,0.54,0.51,0.16,0.50,0.00,0.58,0.22
IF51_YEAST,0.44,0.55,0.51,0.16,0.50,0.00,0.60,0.22
TIP1_YEAST,0.77,0.70,0.44,0.29,0.50,0.00,0.56,0.22
TP20_YEAST,0.40,0.56,0.53,0.15,0.50,0.00,0.49,0.22
SRP1_YEAST,0.79,0.79,0.42,0.26,0.50,0.00,0.60,0.22
SRP2_YEAST,0.80,0.83,0.43,0.24,0.50,0.00,0.54,0.22
TKT1_YEAST,0.58,0.55,0.51,0.13,0.50,0.00,0.52,0.22
TKT2_YEAST,0.55,0.69,0.51,0.12,0.50,0.00,0.51,0.22
TYSY_YEAST,0.47,0.46,0.53,0.12,0.50,0.00,0.51,0.25
TOA1_YEAST,0.57,0.29,0.63,0.22,0.50,0.00,0.49,0.27
TOA2_YEAST,0.52,0.49,0.59,0.21,0.50,0.00,0.47,0.22
TOP1_YEAST,0.41,0.42,0.53,0.17,0.50,0.00,0.48,0.58
TOP2_YEAST,0.45,0.36,0.50,0.19,0.50,0.00,0.53,0.70
TOP3_YEAST,0.53,0.51,0.54,0.21,0.50,0.00,0.45,0.22
TOR2_YEAST,0.49,0.50,0.42,0.43,0.50,0.00,0.50,0.36
TPIS_YEAST,0.44,0.49,0.49,0.27,0.50,0.00,0.52,0.22
KAPA_YEAST,0.25,0.26,0.53,0.17,0.50,0.00,0.45,0.22
KAPB_YEAST,0.49,0.46,0.54,0.18,0.50,0.00,0.35,0.22
KAPC_YEAST,0.42,0.37,0.54,0.17,0.50,0.00,0.51,0.22
TPM1_YEAST,0.42,0.45,0.75,0.21,0.50,0.00,0.48,0.22
TPM2_YEAST,0.39,0.45,0.75,0.17,0.50,0.00,0.51,0.22
TPS1_YEAST,0.63,0.54,0.53,0.27,0.50,0.00,0.49,0.22
TPS2_YEAST,0.54,0.43,0.48,0.27,0.50,0.00,0.44,0.41
TPS3_YEAST,0.40,0.44,0.50,0.13,0.50,0.00,0.52,0.39
TRK1_YEAST,0.55,0.39,0.39,0.47,0.50,0.00,0.50,0.83
TRK2_YEAST,0.59,0.48,0.41,0.53,0.50,0.00,0.48,0.56
TRNL_YEAST,0.49,0.38,0.49,0.15,0.50,0.00,0.53,0.25
TRM1_YEAST,0.53,0.45,0.52,0.29,0.50,0.00,0.55,0.38
TRPF_YEAST,0.62,0.60,0.54,0.22,0.50,0.00,0.54,0.27
TRPE_YEAST,0.33,0.46,0.53,0.12,0.50,0.00,0.50,0.27
TRPG_YEAST,0.57,0.36,0.51,0.25,0.50,0.00,0.54,0.25
TRPD_YEAST,0.45,0.76,0.51,0.25,0.50,0.00,0.59,0.22
TRP_YEAST,0.48,0.44,0.51,0.24,0.50,0.00,0.49,0.22
TSA_YEAST,0.59,0.64,0.44,0.26,0.50,0.00,0.50,0.22
TSL1_YEAST,0.79,0.56,0.53,0.19,0.50,0.00,0.47,0.35
TSM1_YEAST,0.50,0.50,0.48,0.34,0.50,0.00,0.52,0.27
TTP1_YEAST,0.79,0.62,0.35,0.35,0.50,0.00,0.60,0.28
GLRX_YEAST,0.52,0.50,0.60,0.20,0.50,0.00,0.52,0.22
TBA1_YEAST,0.59,0.46,0.57,0.17,0.50,0.00,0.52,0.22
TBB_YEAST,0.53,0.42,0.53,0.19,0.50,0.00,0.47,0.22
TBA3_YEAST,0.59,0.46,0.55,0.17,0.50,0.00,0.52,0.25
EFTU_YEAST,0.61,0.73,0.50,0.58,0.50,0.00,0.50,0.22
TUP1_YEAST,0.50,0.43,0.56,0.17,0.50,0.00,0.35,0.22
TYE7_YEAST,0.36,0.52,0.61,0.33,0.50,0.00,0.52,0.37
TYR1_YEAST,0.66,0.54,0.53,0.17,0.50,0.00,0.54,0.22
UBA1_YEAST,0.52,0.51,0.48,0.12,0.50,0.00,0.54,0.31
UBC1_YEAST,0.56,0.46,0.51,0.25,0.50,0.00,0.54,0.22
UBC4_YEAST,0.47,0.46,0.49,0.27,0.50,0.00,0.59,0.22
UBC5_YEAST,0.50,0.46,0.49,0.27,0.50,0.00,0.60,0.22
UBC6_YEAST,0.43,0.48,0.36,0.26,0.50,0.00,0.52,0.22
UBC7_YEAST,0.50,0.44,0.57,0.28,0.50,0.00,0.57,0.22
UBIQ_YEAST,0.46,0.47,0.62,0.30,0.50,0.00,0.38,0.22
UBP1_YEAST,0.59,0.70,0.46,0.19,0.50,0.00,0.54,0.44
UBP2_YEAST,0.19,0.41,0.55,0.13,0.50,0.00,0.52,0.25
UBP3_YEAST,0.27,0.43,0.50,0.13,0.50,0.00,0.54,0.31
UBR1_YEAST,0.42,0.46,0.44,0.17,0.50,0.00,0.51,0.42
UGA3_YEAST,0.49,0.36,0.47,0.28,0.50,0.00,0.56,0.54
UGA4_YEAST,0.42,0.51,0.33,0.16,0.50,0.00,0.54,0.22
UME5_YEAST,0.34,0.42,0.48,0.19,0.50,0.00,0.46,0.31
UME6_YEAST,0.60,0.57,0.63,0.22,0.50,0.00,0.50,0.49
UNG_YEAST,0.53,0.44,0.54,0.52,0.50,0.00,0.49,0.38
PYRD_YEAST,0.48,0.39,0.56,0.23,0.50,0.00,0.60,0.22
PYR1_YEAST,0.56,0.49,0.47,0.13,0.50,0.00,0.52,0.22
UMPK_YEAST,0.47,0.59,0.56,0.09,0.50,0.00,0.50,0.22
RL21_YEAST,0.40,0.28,0.58,0.44,0.50,0.00,0.41,0.22
RSU2_YEAST,0.54,0.35,0.55,0.19,0.50,0.00,0.30,0.22
USO1_YEAST,0.50,0.47,0.45,0.14,0.50,0.00,0.53,0.32
YEU2_YEAST,0.55,0.49,0.60,0.18,0.50,0.00,0.51,0.22
VAC1_YEAST,0.55,0.44,0.50,0.09,0.50,0.00,0.55,0.22
RMAR_YEAST,0.66,0.37,0.60,0.25,0.50,0.00,0.69,0.22
SYV_YEAST,0.51,0.49,0.48,0.55,0.50,0.00,0.52,0.58
VATA_YEAST,0.36,0.51,0.51,0.17,0.50,0.00,0.52,0.22
VM11_YEAST,0.68,0.68,0.35,0.16,0.50,0.00,0.62,0.22
VATB_YEAST,0.44,0.35,0.55,0.14,0.50,0.00,0.52,0.22
VATL_YEAST,0.73,0.59,0.35,0.15,0.50,0.00,0.54,0.22
VATE_YEAST,0.60,0.37,0.52,0.15,0.50,0.00,0.55,0.26
VATC_YEAST,0.64,0.61,0.56,0.15,0.50,0.00,0.54,0.22
VATX_YEAST,0.48,0.58,0.58,0.12,0.50,0.00,0.49,0.22
VATF_YEAST,0.65,0.58,0.53,0.21,0.50,0.00,0.51,0.22
VATD_YEAST,0.48,0.49,0.49,0.26,0.50,0.00,0.39,0.27
VPH1_YEAST,0.57,0.54,0.32,0.15,0.50,0.00,0.52,0.25
VM12_YEAST,0.40,0.36,0.32,0.16,0.50,0.00,0.51,0.27
VPS1_YEAST,0.50,0.55,0.52,0.16,0.50,0.00,0.51,0.31
VP15_YEAST,0.65,0.63,0.47,0.22,0.50,0.00,0.52,0.27
VP16_YEAST,0.41,0.48,0.51,0.20,0.50,0.00,0.51,0.22
VP17_YEAST,0.25,0.40,0.54,0.16,0.50,0.00,0.43,0.22
YP51_YEAST,0.63,0.56,0.52,0.21,0.50,0.00,0.50,0.22
SLP1_YEAST,0.56,0.68,0.42,0.36,0.50,0.00,0.49,0.22
VP34_YEAST,0.57,0.47,0.48,0.17,0.50,0.00,0.52,0.26
VP45_YEAST,0.46,0.52,0.51,0.13,0.50,0.00,0.47,0.22
VRP1_YEAST,0.50,0.40,0.57,0.17,0.50,0.00,0.59,0.22
OSTB_YEAST,0.78,0.71,0.35,0.25,0.50,0.00,0.49,0.22
XRS2_YEAST,0.64,0.56,0.52,0.17,0.50,0.00,0.54,0.47
YAA7_YEAST,1.00,0.80,0.29,0.36,0.50,0.00,0.52,0.22
YAB1_YEAST,0.51,0.39,0.56,0.55,0.50,0.00,0.46,0.64
YAB8_YEAST,0.69,0.66,0.36,0.09,0.50,0.00,0.56,0.22
YAB9_YEAST,0.40,0.45,0.45,0.15,0.50,0.00,0.53,0.48
YAC2_YEAST,0.49,0.53,0.36,0.15,0.50,0.00,0.52,0.27
YAE2_YEAST,0.39,0.63,0.41,0.27,0.50,0.00,0.49,0.22
YAF1_YEAST,0.45,0.51,0.43,0.22,0.50,0.00,0.57,0.22
YAF3_YEAST,0.77,0.78,0.27,0.37,0.50,0.00,0.49,0.22
YAG3_YEAST,0.88,0.75,0.41,0.36,0.50,0.00,0.43,0.22
YAG7_YEAST,0.49,0.49,0.40,0.20,0.50,0.00,0.48,0.26
PDR4_YEAST,0.57,0.53,0.60,0.28,0.50,0.00,0.52,0.45
AP17_YEAST,0.53,0.52,0.49,0.27,0.50,0.00,0.51,0.22
AP19_YEAST,0.50,0.47,0.56,0.31,0.50,0.00,0.56,0.26
YAP3_YEAST,0.71,0.79,0.41,0.38,0.50,0.00,0.54,0.22
AP54_YEAST,0.33,0.49,0.46,0.22,0.50,0.00,0.53,0.33
ADB1_YEAST,0.47,0.41,0.46,0.18,0.50,0.00,0.53,0.22
CACM_YEAST,0.45,0.39,0.46,0.29,0.50,0.00,0.42,0.22
FMT_YEAST,0.59,0.56,0.50,0.48,0.50,0.00,0.46,0.22
YBC4_YEAST,0.32,0.30,0.57,0.38,0.50,0.00,0.50,0.25
YBE2_YEAST,0.26,0.30,0.37,0.15,0.50,0.00,0.53,0.25
YBG6_YEAST,0.28,0.41,0.46,0.18,0.50,0.00,0.47,0.39
YBI8_YEAST,0.45,0.50,0.43,0.16,0.50,0.00,0.52,0.28
RL3P_YEAST,0.24,0.25,0.57,0.28,0.50,0.00,0.51,0.11
MRF1_YEAST,0.46,0.61,0.55,0.29,0.50,0.00,0.49,0.22
YBT6_YEAST,0.54,0.44,0.38,0.22,0.50,0.00,0.54,0.30
YBY2_YEAST,0.22,0.53,0.36,0.22,0.50,0.00,0.54,0.31
YB00_YEAST,0.25,0.41,0.47,0.14,0.50,0.00,0.56,0.68
YB30_YEAST,0.43,0.41,0.37,0.18,0.50,0.00,0.54,0.31
YB32_YEAST,0.40,0.44,0.47,0.25,0.50,0.00,0.54,0.56
YB33_YEAST,0.46,0.59,0.38,0.12,0.50,0.00,0.50,0.22
YB37_YEAST,0.80,0.82,0.40,0.31,0.50,0.00,0.57,0.25
YB48_YEAST,0.29,0.39,0.46,0.36,0.50,0.00,0.51,0.22
YB54_YEAST,0.40,0.40,0.43,0.19,0.50,0.83,0.48,0.22
YB72_YEAST,0.57,0.52,0.46,0.20,0.50,0.83,0.52,0.41
YB91_YEAST,0.43,0.60,0.40,0.12,0.50,0.00,0.49,0.29
YB8E_YEAST,0.56,0.71,0.47,0.21,0.50,0.00,0.52,0.22
YB8G_YEAST,0.65,0.62,0.26,0.33,0.50,0.00,0.55,0.22
YB8I_YEAST,0.77,0.70,0.37,0.12,0.50,0.00,0.49,0.26
YCFI_YEAST,0.47,0.61,0.32,0.27,0.50,0.00,0.50,0.30
YCK1_YEAST,0.71,0.51,0.49,0.23,0.50,0.00,0.30,0.32
YCK2_YEAST,0.59,0.48,0.49,0.49,0.50,0.00,0.36,0.32
YCA9_YEAST,0.58,0.63,0.52,0.70,0.50,0.00,0.46,0.22
YCD8_YEAST,0.30,0.68,0.41,0.17,0.50,0.00,0.51,0.22
YCG9_YEAST,0.74,0.73,0.32,0.20,0.50,0.00,0.55,0.22
YCH0_YEAST,0.55,0.35,0.36,0.29,0.50,0.00,0.51,0.22
YCQ0_YEAST,0.35,0.32,0.31,0.16,0.50,0.00,0.56,0.22
YCQ7_YEAST,0.67,0.61,0.39,0.24,0.50,0.00,0.51,0.22
YCR3_YEAST,0.69,0.57,0.39,0.19,0.50,0.00,0.48,0.39
SYN_YEAST,0.47,0.41,0.53,0.27,0.50,0.00,0.47,0.25
YCR8_YEAST,0.39,0.56,0.34,0.18,0.50,0.00,0.49,0.22
YCS4_YEAST,0.51,0.38,0.42,0.21,0.50,0.00,0.46,0.34
YCT8_YEAST,0.32,0.45,0.39,0.14,0.50,0.00,0.45,0.22
YCV1_YEAST,0.75,0.73,0.35,0.33,0.50,0.00,0.49,0.28
YCW2_YEAST,0.54,0.54,0.56,0.18,0.50,0.00,0.46,0.29
YCX9_YEAST,0.71,0.64,0.42,0.28,0.50,0.00,0.43,0.22
YCY8_YEAST,0.28,0.48,0.36,0.16,0.50,0.00,0.53,0.22
YCZ6_YEAST,0.58,0.44,0.45,0.32,0.50,0.00,0.52,0.37
YD66_YEAST,0.52,0.65,0.36,0.26,0.50,0.00,0.44,0.22
MAS5_YEAST,0.64,0.44,0.56,0.15,0.50,0.00,0.56,0.22
EF3_YEAST,0.48,0.58,0.47,0.17,0.50,0.00,0.53,0.74
YEA6_YEAST,0.42,0.71,0.45,0.15,0.50,0.00,0.48,0.22
YEP0_YEAST,0.38,0.37,0.36,0.14,0.50,0.00,0.54,0.22
YE14_YEAST,0.40,0.40,0.44,0.37,0.50,0.00,0.53,0.25
YGL1_YEAST,0.38,0.56,0.38,0.16,0.50,0.00,0.53,0.22
YGP1_YEAST,0.80,0.79,0.43,0.25,0.50,0.00,0.52,0.22
YHA8_YEAST,0.63,0.65,0.42,0.18,0.50,0.00,0.54,0.27
YHA9_YEAST,0.47,0.40,0.63,0.19,0.50,0.00,0.52,0.32
YHB7_YEAST,0.83,0.94,0.32,0.21,0.50,0.00,0.51,0.22
YHC6_YEAST,0.61,0.76,0.30,0.16,0.50,0.00,0.45,0.41
RIMI_YEAST,0.33,0.38,0.47,0.14,0.50,0.00,0.51,0.47
YHD5_YEAST,0.38,0.67,0.33,0.17,0.50,0.00,0.51,0.22
YHE0_YEAST,0.39,0.33,0.33,0.23,0.50,0.00,0.47,0.22
YHF0_YEAST,0.50,0.63,0.45,0.13,0.50,0.00,0.45,0.32
YHG2_YEAST,0.20,0.60,0.50,0.29,0.50,0.00,0.51,0.22
YHI7_YEAST,0.29,0.26,0.43,0.17,0.50,0.00,0.55,0.30
YHJ2_YEAST,0.51,0.46,0.41,0.36,0.50,0.00,0.49,0.22
YHK5_YEAST,0.92,0.66,0.52,0.23,0.50,0.00,0.53,0.22
YHK8_YEAST,0.49,0.56,0.37,0.20,0.50,0.00,0.53,0.22
YHN8_YEAST,0.86,0.78,0.34,0.15,0.50,0.00,0.53,0.22
YHP0_YEAST,0.38,0.44,0.57,0.14,0.50,0.00,0.53,0.52
YHQ1_YEAST,0.72,0.73,0.41,0.28,0.50,0.00,0.44,0.22
YHR0_YEAST,0.80,0.73,0.47,0.19,0.50,0.00,0.49,0.22
YHT3_YEAST,0.49,0.55,0.35,0.23,0.50,0.00,0.57,0.22
YHU0_YEAST,0.63,0.71,0.44,0.53,0.50,0.00,0.52,0.22
YHU2_YEAST,0.60,0.68,0.30,0.27,0.50,0.00,0.55,0.22
YHX8_YEAST,0.40,0.43,0.49,0.17,0.50,0.00,0.51,0.36
YHY0_YEAST,0.82,0.63,0.47,0.18,0.50,0.00,0.50,0.22
YHY1_YEAST,0.77,0.68,0.35,0.19,0.50,0.00,0.53,0.43
YIA6_YEAST,0.51,0.59,0.46,0.13,0.50,0.00,0.48,0.22
YIB3_YEAST,0.52,0.46,0.34,0.20,0.50,0.00,0.51,0.25
YIF2_YEAST,0.47,0.50,0.60,0.63,0.50,0.00,0.38,0.16
YIG3_YEAST,0.34,0.24,0.51,0.15,0.50,0.00,0.54,0.40
YIN0_YEAST,0.35,0.29,0.46,0.14,0.50,0.00,0.54,0.66
YIN4_YEAST,0.58,0.67,0.49,0.16,0.50,0.00,0.47,0.28
YIR3_YEAST,0.85,0.85,0.30,0.31,0.50,0.00,0.55,0.42
YKJ5_YEAST,0.36,0.48,0.61,0.26,0.50,0.00,0.50,0.16
YKA5_YEAST,0.41,0.25,0.59,0.44,0.50,0.00,0.60,0.69
YKA8_YEAST,0.30,0.37,0.40,0.45,0.50,0.00,0.48,0.41
MAOX_YEAST,0.57,0.59,0.49,0.86,0.50,0.00,0.47,0.22
YKD8_YEAST,0.38,0.40,0.39,0.19,0.50,0.00,0.46,0.62
YKE6_YEAST,0.77,0.74,0.37,0.29,0.50,0.00,0.45,0.22
TCTP_YEAST,0.47,0.38,0.58,0.19,0.50,0.00,0.57,0.22
PMT_YEAST,0.50,0.61,0.44,0.20,0.50,0.00,0.49,0.22
YKM9_YEAST,0.41,0.45,0.46,0.23,0.50,0.00,0.50,0.70
YKN4_YEAST,0.46,0.62,0.46,0.54,0.50,0.00,0.51,0.27
YKS8_YEAST,0.74,0.75,0.45,0.44,0.50,0.00,0.52,0.22
ACP_YEAST,0.52,0.53,0.58,0.69,0.50,0.00,0.50,0.22
YKW2_YEAST,0.41,0.47,0.50,0.14,0.50,0.00,0.53,0.37
YKY8_YEAST,0.25,0.40,0.52,0.15,0.50,0.00,0.56,0.28
YK44_YEAST,0.58,0.56,0.38,0.39,0.50,0.00,0.54,0.57
YK68_YEAST,0.32,0.29,0.29,0.08,0.50,0.00,0.52,0.22
RL13_YEAST,0.38,0.48,0.57,0.30,0.50,0.00,0.41,0.11
YMC1_YEAST,0.39,0.58,0.47,0.18,0.50,0.00,0.48,0.22
YMC2_YEAST,0.38,0.47,0.47,0.18,0.50,0.00,0.44,0.26
YME1_YEAST,0.63,0.57,0.50,0.48,0.50,0.00,0.51,0.22
RMR3_YEAST,0.51,0.45,0.62,0.25,0.50,0.00,0.59,0.22
YOX1_YEAST,0.59,0.67,0.54,0.19,0.50,0.00,0.48,0.60
YPT1_YEAST,0.60,0.61,0.54,0.11,0.50,0.00,0.46,0.22
YP52_YEAST,0.48,0.61,0.57,0.17,0.50,0.00,0.45,0.22
YP53_YEAST,0.71,0.50,0.50,0.18,0.50,0.00,0.46,0.22
YPT7_YEAST,0.61,0.48,0.54,0.25,0.50,0.00,0.50,0.22
R29A_YEAST,0.38,0.32,0.64,0.41,0.50,0.00,0.44,0.11
R29B_YEAST,0.38,0.40,0.66,0.35,0.50,0.00,0.43,0.11
YUR1_YEAST,0.81,0.62,0.43,0.17,0.50,0.00,0.53,0.22
ZIP1_YEAST,0.47,0.43,0.61,0.40,0.50,0.00,0.48,0.47
ZNRP_YEAST,0.67,0.57,0.36,0.19,0.50,0.00,0.56,0.22
ZUO1_YEAST,0.43,0.40,0.60,0.16,0.50,0.00,0.53,0.39
G6PD_YEAST,0.65,0.54,0.54,0.13,0.50,0.00,0.53,0.22
